true_cell,pred_cell,true_grid_x,true_grid_y,pred_grid_x,pred_grid_y,true_coord_x_m,true_coord_y_m,pred_coord_x_m,pred_coord_y_m,error_m,confidence,confidence_margin,true_router_distance_m,pred_router_distance_m,distance_confidence,neighbor_1_cell,neighbor_1_distance,neighbor_2_cell,neighbor_2_distance,neighbor_3_cell,neighbor_3_distance
0_7,0_7,0.0,7.0,0,7,1.875,0.15,1.875,0.15,0.0,1.0,1.0,4.0,4.0,0.749648070401504,0_7,0.0,0_7,0.0,0_7,0.0
0_1,0_1,0.0,1.0,0,1,0.375,0.15,0.375,0.15,0.0,1.0,1.0,2.0,2.0,0.9911042031720507,0_1,0.0,0_1,0.0,0_1,0.0
3_4,3_4,3.0,4.0,3,4,1.125,1.0499999999999998,1.125,1.0499999999999998,0.0,1.0,1.0,2.0,2.0,0.7040429067596546,3_4,0.0,3_4,0.0,3_4,0.0
3_2,3_2,3.0,2.0,3,2,0.625,1.0499999999999998,0.625,1.0499999999999998,0.0,1.0,1.0,4.0,4.0,0.5239472801738652,3_2,0.0,3_2,0.0,3_2,0.0
2_0,2_0,2.0,0.0,2,0,0.125,0.75,0.125,0.75,0.0,1.0,1.0,4.0,4.0,0.7876352327541054,2_0,0.0,2_0,0.0,2_0,0.0
0_5,0_5,0.0,5.0,0,5,1.375,0.15,1.375,0.15,0.0,1.0,1.0,4.0,4.0,0.8692693040588844,0_5,0.0,0_5,0.0,0_5,0.0
3_4,3_4,3.0,4.0,3,4,1.125,1.0499999999999998,1.125,1.0499999999999998,0.0,1.0,1.0,4.0,4.0,0.9156286760019012,3_4,9.5367431640625e-07,3_4,9.5367431640625e-07,3_4,9.5367431640625e-07
2_6,2_6,2.0,6.0,2,6,1.625,0.75,1.625,0.75,0.0,1.0,1.0,4.0,2.0,0.9416147443433123,2_6,0.0,2_6,0.0,2_6,0.0
2_3,2_3,2.0,3.0,2,3,0.875,0.75,0.875,0.75,0.0,1.0,1.0,2.0,2.0,0.9158338879441532,2_3,9.5367431640625e-07,2_3,9.5367431640625e-07,2_3,9.5367431640625e-07
0_7,0_7,0.0,7.0,0,7,1.875,0.15,1.875,0.15,0.0,1.0,1.0,4.0,4.0,0.749648070401504,0_7,0.0,0_7,0.0,0_7,0.0
1_0,1_0,1.0,0.0,1,0,0.125,0.44999999999999996,0.125,0.44999999999999996,0.0,1.0,1.0,4.0,4.0,0.7697692174690587,1_0,0.0,1_0,0.0,1_0,0.0
2_8,2_8,2.0,8.0,2,8,2.125,0.75,2.125,0.75,0.0,1.0,1.0,4.0,4.0,0.8217704883661896,2_8,0.0,2_8,0.0,2_8,0.0
3_7,3_7,3.0,7.0,3,7,1.875,1.0499999999999998,1.875,1.0499999999999998,0.0,1.0,1.0,2.0,2.0,0.570656033316281,3_7,0.0,3_7,0.0,3_7,0.0
2_7,2_7,2.0,7.0,2,7,1.875,0.75,1.875,0.75,0.0,1.0,1.0,2.0,4.0,0.8479034222857758,2_7,1.3486991523486091e-06,2_7,1.3486991523486091e-06,2_7,1.3486991523486091e-06
2_6,2_6,2.0,6.0,2,6,1.625,0.75,1.625,0.75,0.0,1.0,1.0,4.0,4.0,0.8583015500713144,2_6,0.0,2_6,0.0,2_6,0.0
2_6,2_6,2.0,6.0,2,6,1.625,0.75,1.625,0.75,0.0,1.0,1.0,2.0,2.0,0.5784998675974501,2_6,0.0,2_6,0.0,2_6,0.0
3_7,3_7,3.0,7.0,3,7,1.875,1.0499999999999998,1.875,1.0499999999999998,0.0,1.0,1.0,4.0,4.0,0.8658282184059939,3_7,0.0,3_7,0.0,3_7,0.0
0_4,0_4,0.0,4.0,0,4,1.125,0.15,1.125,0.15,0.0,1.0,1.0,4.0,4.0,0.9482543595365817,0_4,0.0,0_4,0.0,0_4,0.0
0_0,0_0,0.0,0.0,0,0,0.125,0.15,0.125,0.15,0.0,1.0,1.0,2.0,2.0,0.9250302102836077,0_0,0.0,0_0,0.0,0_0,0.0
1_6,1_6,1.0,6.0,1,6,1.625,0.44999999999999996,1.625,0.44999999999999996,0.0,1.0,1.0,2.0,2.0,0.7125501931486197,1_6,0.0,1_6,0.0,1_6,0.0
0_0,0_0,0.0,0.0,0,0,0.125,0.15,0.125,0.15,0.0,1.0,1.0,4.0,4.0,0.5178108637170067,0_0,0.0,0_0,0.0,0_0,0.0
1_7,1_7,1.0,7.0,1,7,1.875,0.44999999999999996,1.875,0.44999999999999996,0.0,1.0,1.0,2.0,2.0,0.7441096328554698,1_7,0.0,1_7,0.0,1_7,0.0
3_1,3_1,3.0,1.0,3,1,0.375,1.0499999999999998,0.375,1.0499999999999998,0.0,1.0,1.0,2.0,2.0,0.6032875805580361,3_1,0.0,3_1,9.5367431640625e-07,3_1,9.5367431640625e-07
0_2,0_2,0.0,2.0,0,2,0.625,0.15,0.625,0.15,0.0,1.0,1.0,4.0,4.0,0.919475790607567,0_2,0.0,0_2,0.0,0_2,0.0
3_4,3_4,3.0,4.0,3,4,1.125,1.0499999999999998,1.125,1.0499999999999998,0.0,1.0,1.0,4.0,4.0,0.9156286760019012,3_4,9.5367431640625e-07,3_4,9.5367431640625e-07,3_4,9.5367431640625e-07
1_4,1_4,1.0,4.0,1,4,1.125,0.44999999999999996,1.125,0.44999999999999996,0.0,1.0,1.0,4.0,4.0,0.945842897535329,1_4,1.3486991523486091e-06,1_4,1.3486991523486091e-06,1_4,1.3486991523486091e-06
1_2,1_2,1.0,2.0,1,2,0.625,0.44999999999999996,0.625,0.44999999999999996,0.0,1.0,1.0,2.0,2.0,0.9970496591852066,1_2,0.0,1_2,0.0,1_2,0.0
1_3,1_3,1.0,3.0,1,3,0.875,0.44999999999999996,0.875,0.44999999999999996,0.0,1.0,1.0,2.0,2.0,0.6561559399135461,1_3,0.0,1_3,0.0,1_3,0.0
0_4,0_4,0.0,4.0,0,4,1.125,0.15,1.125,0.15,0.0,1.0,1.0,4.0,2.0,0.5050398142488112,0_4,0.0,0_4,0.0,0_4,0.0
0_5,0_5,0.0,5.0,0,5,1.375,0.15,1.375,0.15,0.0,1.0,1.0,2.0,4.0,0.554864172750042,0_5,9.5367431640625e-07,0_5,9.5367431640625e-07,0_5,9.5367431640625e-07
1_4,1_4,1.0,4.0,1,4,1.125,0.44999999999999996,1.125,0.44999999999999996,0.0,1.0,1.0,4.0,4.0,0.7244193722731985,1_4,0.0,1_4,0.0,1_4,0.0
0_5,0_5,0.0,5.0,0,5,1.375,0.15,1.375,0.15,0.0,1.0,1.0,4.0,4.0,0.8692693040588844,0_5,0.0,0_5,0.0,0_5,0.0
1_2,1_2,1.0,2.0,1,2,0.625,0.44999999999999996,0.625,0.44999999999999996,0.0,1.0,1.0,4.0,4.0,0.9215499775270736,1_2,0.0,1_2,0.0,1_2,0.0
0_8,0_8,0.0,8.0,0,8,2.125,0.15,2.125,0.15,0.0,1.0,1.0,4.0,4.0,0.987990038691706,0_8,0.0,0_8,0.0,0_8,0.0
0_3,0_3,0.0,3.0,0,3,0.875,0.15,0.875,0.15,0.0,1.0,1.0,4.0,4.0,0.8635180094845787,0_3,1.3486991523486091e-06,0_3,1.3486991523486091e-06,0_3,1.3486991523486091e-06
0_3,0_3,0.0,3.0,0,3,0.875,0.15,0.875,0.15,0.0,1.0,1.0,2.0,2.0,0.604232158756173,0_3,9.5367431640625e-07,0_3,9.5367431640625e-07,0_3,9.5367431640625e-07
2_7,2_7,2.0,7.0,2,7,1.875,0.75,1.875,0.75,0.0,1.0,1.0,4.0,4.0,0.9998729609781948,2_7,0.0,2_7,0.0,2_7,0.0
3_7,3_7,3.0,7.0,3,7,1.875,1.0499999999999998,1.875,1.0499999999999998,0.0,1.0,1.0,4.0,4.0,0.8658282184059939,3_7,0.0,3_7,0.0,3_7,0.0
0_5,0_5,0.0,5.0,0,5,1.375,0.15,1.375,0.15,0.0,1.0,1.0,4.0,4.0,0.8692693040588844,0_5,0.0,0_5,0.0,0_5,0.0
1_0,1_0,1.0,0.0,1,0,0.125,0.44999999999999996,0.125,0.44999999999999996,0.0,1.0,1.0,2.0,2.0,0.9911728567004505,1_0,0.0,1_0,0.0,1_0,0.0
3_3,3_3,3.0,3.0,3,3,0.875,1.0499999999999998,0.875,1.0499999999999998,0.0,0.6,0.19999999999999996,2.0,2.0,0.6011103283851179,3_3,0.0,3_3,0.0,3_3,0.0
2_7,2_7,2.0,7.0,2,7,1.875,0.75,1.875,0.75,0.0,1.0,1.0,2.0,2.0,0.979074521668608,2_7,0.0,2_7,0.0,2_7,0.0
3_0,3_0,3.0,0.0,3,0,0.125,1.0499999999999998,0.125,1.0499999999999998,0.0,1.0,1.0,2.0,4.0,0.617781582359618,3_0,0.0,3_0,0.0,3_2,12.52353347357541
2_2,2_2,2.0,2.0,2,2,0.625,0.75,0.625,0.75,0.0,1.0,1.0,4.0,2.0,0.6258839058821457,2_2,0.0,2_2,0.0,2_2,0.0
0_2,0_2,0.0,2.0,0,2,0.625,0.15,0.625,0.15,0.0,1.0,1.0,4.0,4.0,0.919475790607567,0_2,0.0,0_2,0.0,0_2,0.0
0_2,0_2,0.0,2.0,0,2,0.625,0.15,0.625,0.15,0.0,1.0,1.0,4.0,4.0,0.919475790607567,0_2,0.0,0_2,0.0,0_2,0.0
1_2,1_2,1.0,2.0,1,2,0.625,0.44999999999999996,0.625,0.44999999999999996,0.0,1.0,1.0,2.0,2.0,0.9970496591852066,1_2,0.0,1_2,0.0,1_2,0.0
0_3,0_3,0.0,3.0,0,3,0.875,0.15,0.875,0.15,0.0,1.0,1.0,2.0,2.0,0.604232158756173,0_3,9.5367431640625e-07,0_3,9.5367431640625e-07,0_3,9.5367431640625e-07
1_1,1_1,1.0,1.0,1,1,0.375,0.44999999999999996,0.375,0.44999999999999996,0.0,1.0,1.0,2.0,4.0,0.9269928225781203,1_1,0.0,1_1,0.0,1_1,0.0
1_4,1_4,1.0,4.0,1,4,1.125,0.44999999999999996,1.125,0.44999999999999996,0.0,1.0,1.0,4.0,4.0,0.9722558693190366,1_4,0.0,1_4,0.0,3_5,18.300213530434334
2_0,2_0,2.0,0.0,2,0,0.125,0.75,0.125,0.75,0.0,1.0,1.0,2.0,2.0,0.6756424139961855,2_0,0.0,2_0,0.0,2_0,0.0
2_4,2_4,2.0,4.0,2,4,1.125,0.75,1.125,0.75,0.0,1.0,1.0,4.0,4.0,0.5777864228655091,2_4,0.0,2_4,0.0,2_4,0.0
3_1,3_1,3.0,1.0,3,1,0.375,1.0499999999999998,0.375,1.0499999999999998,0.0,1.0,1.0,2.0,2.0,0.6032875805580361,3_1,0.0,3_1,9.5367431640625e-07,3_1,9.5367431640625e-07
1_3,1_3,1.0,3.0,1,3,0.875,0.44999999999999996,0.875,0.44999999999999996,0.0,1.0,1.0,4.0,2.0,0.7400549353645255,1_3,0.0,1_3,0.0,1_3,0.0
2_2,2_2,2.0,2.0,2,2,0.625,0.75,0.625,0.75,0.0,1.0,1.0,2.0,2.0,0.7329323754655098,2_2,0.0,2_2,0.0,2_2,0.0
1_3,1_3,1.0,3.0,1,3,0.875,0.44999999999999996,0.875,0.44999999999999996,0.0,1.0,1.0,4.0,2.0,0.7400549353645255,1_3,0.0,1_3,0.0,1_3,0.0
1_6,1_6,1.0,6.0,1,6,1.625,0.44999999999999996,1.625,0.44999999999999996,0.0,1.0,1.0,2.0,2.0,0.7077000298680157,1_6,0.0,1_6,0.0,1_6,0.0
1_7,1_7,1.0,7.0,1,7,1.875,0.44999999999999996,1.875,0.44999999999999996,0.0,1.0,1.0,4.0,4.0,0.9276449940186074,1_7,0.0,1_7,0.0,1_7,0.0
3_1,3_1,3.0,1.0,3,1,0.375,1.0499999999999998,0.375,1.0499999999999998,0.0,1.0,1.0,4.0,4.0,0.9189763137718933,3_1,0.0,3_1,0.0,3_1,0.0
2_1,2_1,2.0,1.0,2,1,0.375,0.75,0.375,0.75,0.0,1.0,1.0,4.0,2.0,0.5557612342697151,2_1,0.0,2_1,0.0,2_1,0.0
1_7,1_7,1.0,7.0,1,7,1.875,0.44999999999999996,1.875,0.44999999999999996,0.0,0.9999998789285824,0.999999757857165,4.0,4.0,0.9390379054619343,1_7,9.5367431640625e-07,1_7,9.5367431640625e-07,0_4,11.815433658929878
1_0,1_0,1.0,0.0,1,0,0.125,0.44999999999999996,0.125,0.44999999999999996,0.0,1.0,1.0,4.0,4.0,0.7697692174690587,1_0,0.0,1_0,0.0,1_0,0.0
3_0,3_0,3.0,0.0,3,0,0.125,1.0499999999999998,0.125,1.0499999999999998,0.0,1.0,1.0,2.0,2.0,0.981834904548107,3_0,0.0,3_0,0.0,3_0,0.0
2_6,2_6,2.0,6.0,2,6,1.625,0.75,1.625,0.75,0.0,1.0,1.0,2.0,2.0,0.5784998675974501,2_6,0.0,2_6,0.0,2_6,0.0
2_8,2_8,2.0,8.0,2,8,2.125,0.75,2.125,0.75,0.0,1.0,1.0,4.0,4.0,0.7092805408021455,2_8,1.3486991523486091e-06,2_8,1.3486991523486091e-06,2_8,1.3486991523486091e-06
0_7,0_7,0.0,7.0,0,7,1.875,0.15,1.875,0.15,0.0,1.0,1.0,2.0,2.0,0.9259338398974415,0_7,0.0,0_7,0.0,2_8,7.858732891763421
2_3,2_3,2.0,3.0,2,3,0.875,0.75,0.875,0.75,0.0,1.0,1.0,4.0,4.0,0.7681275915622909,2_3,0.0,2_3,0.0,2_3,0.0
2_1,2_1,2.0,1.0,2,1,0.375,0.75,0.375,0.75,0.0,1.0,1.0,2.0,2.0,0.6185894206092171,2_1,0.0,2_1,0.0,2_1,0.0
3_1,3_1,3.0,1.0,3,1,0.375,1.0499999999999998,0.375,1.0499999999999998,0.0,1.0,1.0,4.0,4.0,0.9189763137718933,3_1,0.0,3_1,0.0,3_1,0.0
0_6,0_6,0.0,6.0,0,6,1.625,0.15,1.625,0.15,0.0,1.0,1.0,2.0,2.0,0.9426335212019328,0_6,0.0,0_6,0.0,0_6,0.0
0_0,0_0,0.0,0.0,0,0,0.125,0.15,0.125,0.15,0.0,1.0,1.0,2.0,2.0,0.9250302102836077,0_0,0.0,0_0,0.0,0_0,0.0
1_2,1_2,1.0,2.0,1,2,0.625,0.44999999999999996,0.625,0.44999999999999996,0.0,1.0,1.0,2.0,2.0,0.9916637289081366,1_2,0.0,1_2,0.0,1_2,0.0
3_5,3_5,3.0,5.0,3,5,1.375,1.0499999999999998,1.375,1.0499999999999998,0.0,0.9999999514029142,0.9999999028058285,4.0,2.0,0.5877746504423141,3_5,1.3486991523486091e-06,3_5,1.3486991523486091e-06,3_5,1.3486991523486091e-06
3_1,3_1,3.0,1.0,3,1,0.375,1.0499999999999998,0.375,1.0499999999999998,0.0,1.0,1.0,4.0,4.0,0.56606574441606,3_1,1.3486991523486091e-06,3_1,1.3486991523486091e-06,3_1,1.3486991523486091e-06
0_7,0_7,0.0,7.0,0,7,1.875,0.15,1.875,0.15,0.0,1.0,1.0,4.0,4.0,0.749648070401504,0_7,0.0,0_7,0.0,0_7,0.0
0_1,0_1,0.0,1.0,0,1,0.375,0.15,0.375,0.15,0.0,1.0,1.0,4.0,4.0,0.7184475425424814,0_1,0.0,0_1,0.0,0_1,0.0
0_0,0_0,0.0,0.0,0,0,0.125,0.15,0.125,0.15,0.0,1.0,1.0,4.0,4.0,0.847260205937342,0_0,0.0,0_0,0.0,0_0,0.0
3_4,3_4,3.0,4.0,3,4,1.125,1.0499999999999998,1.125,1.0499999999999998,0.0,1.0,1.0,4.0,4.0,0.8908875153975144,3_4,0.0,3_4,0.0,3_4,0.0
0_7,0_7,0.0,7.0,0,7,1.875,0.15,1.875,0.15,0.0,1.0,1.0,2.0,2.0,0.9259338398974415,0_7,0.0,0_7,0.0,2_8,7.858732891763421
1_4,1_4,1.0,4.0,1,4,1.125,0.44999999999999996,1.125,0.44999999999999996,0.0,1.0,1.0,2.0,2.0,0.8890703175446658,1_4,0.0,1_4,0.0,1_4,0.0
1_7,1_7,1.0,7.0,1,7,1.875,0.44999999999999996,1.875,0.44999999999999996,0.0,1.0,1.0,2.0,2.0,0.7441096328554698,1_7,0.0,1_7,0.0,1_7,0.0
0_7,0_7,0.0,7.0,0,7,1.875,0.15,1.875,0.15,0.0,1.0,1.0,4.0,2.0,0.574588213038932,0_7,0.0,0_7,0.0,0_7,0.0
0_2,0_2,0.0,2.0,0,2,0.625,0.15,0.625,0.15,0.0,1.0,1.0,2.0,2.0,0.6495950982669412,0_2,0.0,0_2,0.0,0_2,0.0
3_6,3_6,3.0,6.0,3,6,1.625,1.0499999999999998,1.625,1.0499999999999998,0.0,1.0,1.0,2.0,4.0,0.9043212103719555,3_6,0.0,3_6,0.0,3_6,0.0
3_0,3_0,3.0,0.0,3,0,0.125,1.0499999999999998,0.125,1.0499999999999998,0.0,1.0,1.0,2.0,4.0,0.6177815823596178,3_0,0.0,3_0,0.0,3_2,12.523533473575393
1_6,1_6,1.0,6.0,1,6,1.625,0.44999999999999996,1.625,0.44999999999999996,0.0,1.0,1.0,4.0,4.0,0.8242488664065155,1_6,0.0,1_6,0.0,1_6,0.0
2_6,2_6,2.0,6.0,2,6,1.625,0.75,1.625,0.75,0.0,1.0,1.0,4.0,4.0,0.8583015500713144,2_6,0.0,2_6,0.0,2_6,0.0
2_4,2_4,2.0,4.0,2,4,1.125,0.75,1.125,0.75,0.0,1.0,1.0,2.0,2.0,0.9966444954737748,2_4,1.3486991523486091e-06,2_4,1.3486991523486091e-06,2_4,1.3486991523486091e-06
1_4,1_4,1.0,4.0,1,4,1.125,0.44999999999999996,1.125,0.44999999999999996,0.0,1.0,1.0,2.0,2.0,0.8890703175446658,1_4,0.0,1_4,0.0,1_4,0.0
3_3,3_3,3.0,3.0,3,3,0.875,1.0499999999999998,0.875,1.0499999999999998,0.0,1.0,1.0,4.0,4.0,0.9664447811133883,3_3,0.0,3_3,0.0,3_3,0.0
0_3,0_3,0.0,3.0,0,3,0.875,0.15,0.875,0.15,0.0,1.0,1.0,2.0,2.0,0.7798405313204986,0_3,0.0,0_3,0.0,0_3,0.0
2_2,2_2,2.0,2.0,2,2,0.625,0.75,0.625,0.75,0.0,1.0,1.0,2.0,4.0,0.6572951545534904,2_2,0.0,2_2,0.0,2_2,0.0
3_6,3_6,3.0,6.0,3,6,1.625,1.0499999999999998,1.625,1.0499999999999998,0.0,1.0,1.0,2.0,4.0,0.9043212103719555,3_6,0.0,3_6,0.0,3_6,0.0
2_7,2_7,2.0,7.0,2,7,1.875,0.75,1.875,0.75,0.0,1.0,1.0,2.0,2.0,0.979074521668608,2_7,0.0,2_7,0.0,2_7,0.0
0_3,0_3,0.0,3.0,0,3,0.875,0.15,0.875,0.15,0.0,1.0,1.0,2.0,2.0,0.7798405313204986,0_3,0.0,0_3,0.0,0_3,0.0
1_2,1_2,1.0,2.0,1,2,0.625,0.44999999999999996,0.625,0.44999999999999996,0.0,1.0,1.0,2.0,2.0,0.9970496591852066,1_2,0.0,1_2,0.0,1_2,0.0
1_0,1_0,1.0,0.0,1,0,0.125,0.44999999999999996,0.125,0.44999999999999996,0.0,1.0,1.0,4.0,2.0,0.588615569462914,1_0,0.0,2_2,6.213573864722517,2_7,7.162992902562172
2_6,2_6,2.0,6.0,2,6,1.625,0.75,1.625,0.75,0.0,1.0,1.0,4.0,4.0,0.8583015500713144,2_6,0.0,2_6,0.0,2_6,0.0
3_7,3_7,3.0,7.0,3,7,1.875,1.0499999999999998,1.875,1.0499999999999998,0.0,1.0,1.0,4.0,4.0,0.6652536970286428,3_7,0.0,3_7,0.0,3_7,0.0
0_1,0_1,0.0,1.0,0,1,0.375,0.15,0.375,0.15,0.0,1.0,1.0,2.0,4.0,0.514484654493729,0_1,0.0,2_2,12.790628686557683,2_2,12.790628686557683
0_8,0_8,0.0,8.0,0,8,2.125,0.15,2.125,0.15,0.0,1.0,1.0,4.0,4.0,0.9425089471364447,0_8,0.0,0_8,0.0,0_8,0.0
2_1,2_1,2.0,1.0,2,1,0.375,0.75,0.375,0.75,0.0,1.0,1.0,2.0,2.0,0.6185894206092171,2_1,0.0,2_1,0.0,2_1,0.0
1_6,1_6,1.0,6.0,1,6,1.625,0.44999999999999996,1.625,0.44999999999999996,0.0,1.0,1.0,2.0,2.0,0.7077000298680157,1_6,0.0,1_6,0.0,1_6,0.0
1_5,1_5,1.0,5.0,1,5,1.375,0.44999999999999996,1.375,0.44999999999999996,0.0,1.0,1.0,2.0,2.0,0.990482843306625,1_5,6.743495761743046e-07,1_5,6.743495761743046e-07,1_5,6.743495761743046e-07
1_3,1_3,1.0,3.0,1,3,0.875,0.44999999999999996,0.875,0.44999999999999996,0.0,1.0,1.0,2.0,2.0,0.9671409028404454,1_3,0.0,1_3,0.0,1_3,0.0
3_2,3_2,3.0,2.0,3,2,0.625,1.0499999999999998,0.625,1.0499999999999998,0.0,1.0,1.0,4.0,2.0,0.7037329350356427,3_2,0.0,3_2,0.0,3_2,0.0
3_3,3_3,3.0,3.0,3,3,0.875,1.0499999999999998,0.875,1.0499999999999998,0.0,1.0,1.0,2.0,2.0,0.820582914725753,3_3,0.0,3_3,0.0,3_3,0.0
2_1,2_1,2.0,1.0,2,1,0.375,0.75,0.375,0.75,0.0,1.0,1.0,2.0,2.0,0.6185894206092171,2_1,0.0,2_1,0.0,2_1,0.0
2_6,2_6,2.0,6.0,2,6,1.625,0.75,1.625,0.75,0.0,1.0,1.0,2.0,2.0,0.5784998675974501,2_6,0.0,2_6,0.0,2_6,0.0
2_6,2_6,2.0,6.0,2,6,1.625,0.75,1.625,0.75,0.0,1.0,1.0,4.0,2.0,0.9416147443433123,2_6,0.0,2_6,0.0,2_6,0.0
0_2,0_2,0.0,2.0,0,2,0.625,0.15,0.625,0.15,0.0,1.0,1.0,2.0,2.0,0.6495950982669412,0_2,0.0,0_2,0.0,0_2,0.0
2_5,2_5,2.0,5.0,2,5,1.375,0.75,1.375,0.75,0.0,1.0,1.0,4.0,4.0,0.9982508582393537,2_5,0.0,2_5,0.0,2_5,0.0
2_7,2_7,2.0,7.0,2,7,1.875,0.75,1.875,0.75,0.0,1.0,1.0,4.0,4.0,0.9998729609781948,2_7,0.0,2_7,0.0,2_7,0.0
2_2,2_2,2.0,2.0,2,2,0.625,0.75,0.625,0.75,0.0,1.0,1.0,4.0,4.0,0.7872040791553423,2_2,0.0,2_2,0.0,2_2,0.0
1_1,1_1,1.0,1.0,1,1,0.375,0.44999999999999996,0.375,0.44999999999999996,0.0,1.0,1.0,2.0,4.0,0.9269928225781203,1_1,0.0,1_1,0.0,1_1,0.0
1_6,1_6,1.0,6.0,1,6,1.625,0.44999999999999996,1.625,0.44999999999999996,0.0,1.0,1.0,2.0,2.0,0.7077000298680157,1_6,0.0,1_6,0.0,1_6,0.0
1_4,1_4,1.0,4.0,1,4,1.125,0.44999999999999996,1.125,0.44999999999999996,0.0,1.0,1.0,4.0,4.0,0.945842897535329,1_4,1.3486991523486091e-06,1_4,1.3486991523486091e-06,1_4,1.3486991523486091e-06
0_3,0_3,0.0,3.0,0,3,0.875,0.15,0.875,0.15,0.0,1.0,1.0,2.0,2.0,0.7798405313204986,0_3,0.0,0_3,0.0,0_3,0.0
1_2,1_2,1.0,2.0,1,2,0.625,0.44999999999999996,0.625,0.44999999999999996,0.0,1.0,1.0,4.0,4.0,0.8192101916189237,1_2,0.0,1_2,0.0,1_2,0.0
3_0,3_0,3.0,0.0,3,0,0.125,1.0499999999999998,0.125,1.0499999999999998,0.0,1.0,1.0,2.0,2.0,0.9582116854175049,3_0,0.0,3_0,0.0,3_0,0.0
2_0,2_0,2.0,0.0,2,0,0.125,0.75,0.125,0.75,0.0,1.0,1.0,2.0,2.0,0.8391286887206761,2_0,0.0,2_0,0.0,2_0,0.0
2_0,2_0,2.0,0.0,2,0,0.125,0.75,0.125,0.75,0.0,1.0,1.0,4.0,2.0,0.6178323187437335,2_0,0.0,2_0,0.0,2_0,0.0
3_5,3_5,3.0,5.0,3,5,1.375,1.0499999999999998,1.375,1.0499999999999998,0.0,1.0,1.0,4.0,4.0,0.8111802231003238,3_5,1.3486991523486091e-06,3_5,1.3486991523486091e-06,3_5,1.3486991523486091e-06
2_3,2_3,2.0,3.0,2,3,0.875,0.75,0.875,0.75,0.0,1.0,1.0,2.0,2.0,0.9158338879441532,2_3,9.5367431640625e-07,2_3,9.5367431640625e-07,2_3,9.5367431640625e-07
2_7,2_7,2.0,7.0,2,7,1.875,0.75,1.875,0.75,0.0,1.0,1.0,4.0,2.0,0.5863668977936969,2_7,0.0,2_7,0.0,2_7,0.0
2_1,2_1,2.0,1.0,2,1,0.375,0.75,0.375,0.75,0.0,1.0,1.0,4.0,2.0,0.5557612342697151,2_1,0.0,2_1,0.0,2_1,0.0
2_2,2_2,2.0,2.0,2,2,0.625,0.75,0.625,0.75,0.0,1.0,1.0,4.0,4.0,0.7872040791553423,2_2,0.0,2_2,0.0,2_2,0.0
0_1,0_0,0.0,1.0,0,0,0.375,0.15,0.125,0.15,0.25,1.0,1.0,4.0,2.0,0.9415176112010203,0_0,7.41942723487699,0_0,7.41942723487699,0_0,7.41942723487699
1_1,1_1,1.0,1.0,1,1,0.375,0.44999999999999996,0.375,0.44999999999999996,0.0,1.0,1.0,2.0,4.0,0.9269928225781203,1_1,0.0,1_1,0.0,1_1,0.0
2_1,2_1,2.0,1.0,2,1,0.375,0.75,0.375,0.75,0.0,1.0,1.0,4.0,2.0,0.5557612342697151,2_1,0.0,2_1,0.0,2_1,0.0
2_5,2_5,2.0,5.0,2,5,1.375,0.75,1.375,0.75,0.0,1.0,1.0,2.0,2.0,0.9733700542618249,2_5,0.0,2_5,0.0,2_5,0.0
3_3,3_3,3.0,3.0,3,3,0.875,1.0499999999999998,0.875,1.0499999999999998,0.0,0.6,0.19999999999999996,2.0,2.0,0.6011103283851179,3_3,0.0,3_3,0.0,3_3,0.0
2_8,2_8,2.0,8.0,2,8,2.125,0.75,2.125,0.75,0.0,1.0,1.0,2.0,2.0,0.9559494372678881,2_8,0.0,2_8,0.0,2_8,0.0
0_7,0_7,0.0,7.0,0,7,1.875,0.15,1.875,0.15,0.0,1.0,1.0,2.0,2.0,0.8790729054764085,0_7,0.0,0_7,0.0,0_7,0.0
3_6,3_6,3.0,6.0,3,6,1.625,1.0499999999999998,1.625,1.0499999999999998,0.0,1.0,1.0,4.0,4.0,0.9642891676082751,3_6,0.0,3_6,0.0,3_6,0.0
3_3,3_3,3.0,3.0,3,3,0.875,1.0499999999999998,0.875,1.0499999999999998,0.0,0.6,0.19999999999999996,2.0,2.0,0.6011103283851179,3_3,0.0,3_3,0.0,3_3,0.0
3_6,3_6,3.0,6.0,3,6,1.625,1.0499999999999998,1.625,1.0499999999999998,0.0,1.0,1.0,2.0,2.0,0.8820476278354307,3_6,9.5367431640625e-07,3_6,9.5367431640625e-07,3_6,9.5367431640625e-07
0_5,0_5,0.0,5.0,0,5,1.375,0.15,1.375,0.15,0.0,1.0,1.0,4.0,4.0,0.8692693040588844,0_5,0.0,0_5,0.0,0_5,0.0
3_2,3_2,3.0,2.0,3,2,0.625,1.0499999999999998,0.625,1.0499999999999998,0.0,1.0,1.0,2.0,2.0,0.9089523158078342,3_2,0.0,3_2,0.0,3_2,0.0
3_5,3_5,3.0,5.0,3,5,1.375,1.0499999999999998,1.375,1.0499999999999998,0.0,1.0,1.0,2.0,2.0,0.6961847221369794,3_5,0.0,3_5,0.0,2_0,9.269960034932092
1_5,1_5,1.0,5.0,1,5,1.375,0.44999999999999996,1.375,0.44999999999999996,0.0,1.0,1.0,4.0,4.0,0.7795300525642297,1_5,1.3486991523486091e-06,1_5,1.3486991523486091e-06,1_5,1.3486991523486091e-06
0_1,0_1,0.0,1.0,0,1,0.375,0.15,0.375,0.15,0.0,1.0,1.0,2.0,2.0,0.8957796431039149,0_1,0.0,0_1,0.0,0_1,0.0
3_0,3_0,3.0,0.0,3,0,0.125,1.0499999999999998,0.125,1.0499999999999998,0.0,1.0,1.0,4.0,4.0,0.9948570754554384,3_0,1.3486991523486091e-06,3_0,1.3486991523486091e-06,3_0,1.3486991523486091e-06
1_7,1_7,1.0,7.0,1,7,1.875,0.44999999999999996,1.875,0.44999999999999996,0.0,1.0,1.0,4.0,4.0,0.9276449940186074,1_7,0.0,1_7,0.0,1_7,0.0
0_3,0_3,0.0,3.0,0,3,0.875,0.15,0.875,0.15,0.0,1.0,1.0,4.0,4.0,0.6728634295183107,0_3,0.0,0_3,0.0,0_3,0.0
0_8,0_8,0.0,8.0,0,8,2.125,0.15,2.125,0.15,0.0,1.0,1.0,4.0,4.0,0.9936068859399994,0_8,0.0,0_8,14.727920104325023,0_8,14.727920104325023
0_0,0_0,0.0,0.0,0,0,0.125,0.15,0.125,0.15,0.0,0.9999999334782803,0.9999998669565605,4.0,2.0,0.7677111622789534,0_0,1.9073486328125e-06,0_0,1.9073486328125e-06,0_0,1.9073486328125e-06
1_3,1_3,1.0,3.0,1,3,0.875,0.44999999999999996,0.875,0.44999999999999996,0.0,1.0,1.0,4.0,2.0,0.7400549353645255,1_3,0.0,1_3,0.0,1_3,0.0
0_5,0_7,0.0,5.0,0,7,1.375,0.15,1.875,0.15,0.5,1.0,1.0,2.0,4.0,0.7971901280979463,0_7,26.258441633050175,0_7,26.258441633050175,0_7,26.258441633050175
1_1,1_1,1.0,1.0,1,1,0.375,0.44999999999999996,0.375,0.44999999999999996,0.0,1.0,1.0,4.0,4.0,0.9915418177647312,1_1,1.9073486328125e-06,1_1,1.9073486328125e-06,1_1,1.9073486328125e-06
2_2,2_2,2.0,2.0,2,2,0.625,0.75,0.625,0.75,0.0,1.0,1.0,2.0,2.0,0.7329323754655098,2_2,0.0,2_2,0.0,2_2,0.0
2_8,2_8,2.0,8.0,2,8,2.125,0.75,2.125,0.75,0.0,1.0,1.0,4.0,4.0,0.7092805408021455,2_8,1.3486991523486091e-06,2_8,1.3486991523486091e-06,2_8,1.3486991523486091e-06
0_8,0_8,0.0,8.0,0,8,2.125,0.15,2.125,0.15,0.0,1.0,1.0,2.0,2.0,0.5080401850411443,0_8,1.9073486328125e-06,0_8,1.9073486328125e-06,0_8,1.9073486328125e-06
3_5,3_5,3.0,5.0,3,5,1.375,1.0499999999999998,1.375,1.0499999999999998,0.0,1.0,1.0,2.0,2.0,0.7939693782964099,3_5,0.0,3_5,0.0,3_5,0.0
0_8,0_8,0.0,8.0,0,8,2.125,0.15,2.125,0.15,0.0,1.0,1.0,2.0,4.0,0.6003781007148273,0_8,9.5367431640625e-07,0_8,9.5367431640625e-07,0_8,9.5367431640625e-07
1_0,1_0,1.0,0.0,1,0,0.125,0.44999999999999996,0.125,0.44999999999999996,0.0,1.0,1.0,2.0,2.0,0.9911728567004505,1_0,0.0,1_0,0.0,1_0,0.0
3_0,3_3,3.0,0.0,3,3,0.125,1.0499999999999998,0.875,1.0499999999999998,0.75,0.6,0.19999999999999996,4.0,2.0,0.6011103283851179,3_3,0.0,3_3,0.0,3_3,0.0
3_7,3_7,3.0,7.0,3,7,1.875,1.0499999999999998,1.875,1.0499999999999998,0.0,1.0,1.0,4.0,4.0,0.6652536970286428,3_7,0.0,3_7,0.0,3_7,0.0
0_4,0_4,0.0,4.0,0,4,1.125,0.15,1.125,0.15,0.0,1.0,1.0,2.0,2.0,0.9227859765648988,0_4,0.0,0_4,0.0,0_4,0.0
2_8,2_8,2.0,8.0,2,8,2.125,0.75,2.125,0.75,0.0,1.0,1.0,2.0,2.0,0.940056600157928,2_8,6.743495761743046e-07,2_8,6.743495761743046e-07,2_8,6.743495761743046e-07
3_5,3_5,3.0,5.0,3,5,1.375,1.0499999999999998,1.375,1.0499999999999998,0.0,1.0,1.0,2.0,2.0,0.9939382460019905,3_5,0.0,3_5,0.0,3_5,0.0
3_6,3_6,3.0,6.0,3,6,1.625,1.0499999999999998,1.625,1.0499999999999998,0.0,1.0,1.0,2.0,4.0,0.9043212103719555,3_6,0.0,3_6,0.0,3_6,0.0
0_4,0_4,0.0,4.0,0,4,1.125,0.15,1.125,0.15,0.0,1.0,1.0,2.0,2.0,0.9044196394338604,0_4,0.0,0_4,0.0,0_4,0.0
1_5,1_5,1.0,5.0,1,5,1.375,0.44999999999999996,1.375,0.44999999999999996,0.0,1.0,1.0,4.0,4.0,0.6028349792100228,1_5,9.5367431640625e-07,1_5,9.5367431640625e-07,1_5,9.5367431640625e-07
0_5,0_5,0.0,5.0,0,5,1.375,0.15,1.375,0.15,0.0,1.0,1.0,2.0,2.0,0.534090409997888,0_5,0.0,0_5,1.9073486328125e-06,0_5,1.9073486328125e-06
3_3,3_3,3.0,3.0,3,3,0.875,1.0499999999999998,0.875,1.0499999999999998,0.0,1.0,1.0,4.0,4.0,0.996512520434456,3_3,0.0,3_3,0.0,3_3,0.0
2_5,2_5,2.0,5.0,2,5,1.375,0.75,1.375,0.75,0.0,1.0,1.0,4.0,4.0,0.9982508582393537,2_5,0.0,2_5,0.0,2_5,0.0
3_3,3_3,3.0,3.0,3,3,0.875,1.0499999999999998,0.875,1.0499999999999998,0.0,0.6,0.19999999999999996,2.0,2.0,0.6011103283851179,3_3,0.0,3_3,0.0,3_3,0.0
2_4,2_4,2.0,4.0,2,4,1.125,0.75,1.125,0.75,0.0,1.0,1.0,4.0,4.0,0.8139280230149394,2_4,0.0,2_4,0.0,2_4,0.0
1_0,1_0,1.0,0.0,1,0,0.125,0.44999999999999996,0.125,0.44999999999999996,0.0,1.0,1.0,2.0,2.0,0.9911728567004505,1_0,0.0,1_0,0.0,1_0,0.0
1_1,1_1,1.0,1.0,1,1,0.375,0.44999999999999996,0.375,0.44999999999999996,0.0,1.0,1.0,4.0,4.0,0.9915418177647312,1_1,1.9073486328125e-06,1_1,1.9073486328125e-06,1_1,1.9073486328125e-06
2_5,2_5,2.0,5.0,2,5,1.375,0.75,1.375,0.75,0.0,1.0,1.0,4.0,4.0,0.993132908561983,2_5,9.5367431640625e-07,2_5,9.5367431640625e-07,2_5,9.5367431640625e-07
1_1,1_1,1.0,1.0,1,1,0.375,0.44999999999999996,0.375,0.44999999999999996,0.0,1.0,1.0,4.0,4.0,0.9915418177647312,1_1,1.9073486328125e-06,1_1,1.9073486328125e-06,1_1,1.9073486328125e-06
3_1,3_1,3.0,1.0,3,1,0.375,1.0499999999999998,0.375,1.0499999999999998,0.0,1.0,1.0,2.0,4.0,0.7043445139986015,3_1,0.0,3_1,0.0,3_1,0.0
1_4,1_4,1.0,4.0,1,4,1.125,0.44999999999999996,1.125,0.44999999999999996,0.0,1.0,1.0,2.0,2.0,0.9755752860632254,1_4,1.9073486328125e-06,1_4,1.9073486328125e-06,1_4,1.9073486328125e-06
0_2,0_2,0.0,2.0,0,2,0.625,0.15,0.625,0.15,0.0,1.0,1.0,4.0,4.0,0.919475790607567,0_2,0.0,0_2,0.0,0_2,0.0
2_4,2_4,2.0,4.0,2,4,1.125,0.75,1.125,0.75,0.0,1.0,1.0,4.0,4.0,0.5777864228655091,2_4,0.0,2_4,0.0,2_4,0.0
2_7,2_7,2.0,7.0,2,7,1.875,0.75,1.875,0.75,0.0,0.9999994546588086,0.999998909317617,4.0,4.0,0.8889489546039732,2_7,9.5367431640625e-07,0_1,6.995061521642737,0_1,6.995061521642737
0_6,0_6,0.0,6.0,0,6,1.625,0.15,1.625,0.15,0.0,1.0,1.0,2.0,2.0,0.9426335212019328,0_6,0.0,0_6,0.0,0_6,0.0
1_5,1_5,1.0,5.0,1,5,1.375,0.44999999999999996,1.375,0.44999999999999996,0.0,1.0,1.0,2.0,2.0,0.9429817441244704,1_5,0.0,1_5,0.0,1_5,0.0
1_6,1_6,1.0,6.0,1,6,1.625,0.44999999999999996,1.625,0.44999999999999996,0.0,1.0,1.0,2.0,2.0,0.7077000298680157,1_6,0.0,1_6,0.0,1_6,0.0
0_0,0_0,0.0,0.0,0,0,0.125,0.15,0.125,0.15,0.0,1.0,1.0,2.0,2.0,0.9970352209550503,0_0,0.0,0_0,0.0,0_0,0.0
1_7,1_7,1.0,7.0,1,7,1.875,0.44999999999999996,1.875,0.44999999999999996,0.0,1.0,1.0,4.0,4.0,0.9276449940186074,1_7,0.0,1_7,0.0,1_7,0.0
3_0,3_3,3.0,0.0,3,3,0.125,1.0499999999999998,0.875,1.0499999999999998,0.75,0.6,0.19999999999999996,4.0,2.0,0.6011103283851179,3_3,0.0,3_3,0.0,3_3,0.0
0_7,0_7,0.0,7.0,0,7,1.875,0.15,1.875,0.15,0.0,1.0,1.0,2.0,2.0,0.8790729054764085,0_7,0.0,0_7,0.0,0_7,0.0
3_6,3_6,3.0,6.0,3,6,1.625,1.0499999999999998,1.625,1.0499999999999998,0.0,1.0,1.0,2.0,2.0,0.8820476278354307,3_6,9.5367431640625e-07,3_6,9.5367431640625e-07,3_6,9.5367431640625e-07
2_7,2_7,2.0,7.0,2,7,1.875,0.75,1.875,0.75,0.0,1.0,1.0,2.0,2.0,0.8609886251940553,2_7,0.0,2_7,0.0,2_7,0.0
2_8,2_8,2.0,8.0,2,8,2.125,0.75,2.125,0.75,0.0,1.0,1.0,2.0,2.0,0.9559494372678881,2_8,0.0,2_8,0.0,2_8,0.0
3_4,3_4,3.0,4.0,3,4,1.125,1.0499999999999998,1.125,1.0499999999999998,0.0,1.0,1.0,2.0,2.0,0.7128574863244932,3_4,1.3486991523486091e-06,3_4,1.3486991523486091e-06,3_4,1.3486991523486091e-06
1_7,1_7,1.0,7.0,1,7,1.875,0.44999999999999996,1.875,0.44999999999999996,0.0,1.0,1.0,4.0,4.0,0.9276449940186074,1_7,0.0,1_7,0.0,1_7,0.0
2_8,2_8,2.0,8.0,2,8,2.125,0.75,2.125,0.75,0.0,1.0,1.0,4.0,4.0,0.7092805408021455,2_8,1.3486991523486091e-06,2_8,1.3486991523486091e-06,2_8,1.3486991523486091e-06
3_6,3_6,3.0,6.0,3,6,1.625,1.0499999999999998,1.625,1.0499999999999998,0.0,1.0,1.0,4.0,4.0,0.9770534006778061,3_6,0.0,3_6,0.0,3_6,0.0
3_2,3_2,3.0,2.0,3,2,0.625,1.0499999999999998,0.625,1.0499999999999998,0.0,1.0,1.0,2.0,2.0,0.9175768222125372,3_2,9.5367431640625e-07,3_2,9.5367431640625e-07,3_2,9.5367431640625e-07
2_4,2_4,2.0,4.0,2,4,1.125,0.75,1.125,0.75,0.0,1.0,1.0,4.0,4.0,0.8139280230149394,2_4,0.0,2_4,0.0,2_4,0.0
2_3,2_3,2.0,3.0,2,3,0.875,0.75,0.875,0.75,0.0,1.0,1.0,4.0,4.0,0.7005041041387747,2_3,0.0,2_3,0.0,2_3,0.0
3_6,3_6,3.0,6.0,3,6,1.625,1.0499999999999998,1.625,1.0499999999999998,0.0,1.0,1.0,2.0,4.0,0.9043212103719555,3_6,0.0,3_6,0.0,3_6,0.0
0_2,0_2,0.0,2.0,0,2,0.625,0.15,0.625,0.15,0.0,1.0,1.0,4.0,4.0,0.7875958618493801,0_2,0.0,0_2,0.0,0_2,0.0
1_0,1_0,1.0,0.0,1,0,0.125,0.44999999999999996,0.125,0.44999999999999996,0.0,1.0,1.0,4.0,4.0,0.7697692174690587,1_0,0.0,1_0,0.0,1_0,0.0
2_2,2_2,2.0,2.0,2,2,0.625,0.75,0.625,0.75,0.0,1.0,1.0,4.0,4.0,0.7872040791553423,2_2,0.0,2_2,0.0,2_2,0.0
0_5,0_5,0.0,5.0,0,5,1.375,0.15,1.375,0.15,0.0,0.9999999583283941,0.9999999166567882,4.0,4.0,0.899077653957427,0_5,1.9073486328125e-06,0_5,1.9073486328125e-06,0_5,1.9073486328125e-06
1_4,1_4,1.0,4.0,1,4,1.125,0.44999999999999996,1.125,0.44999999999999996,0.0,1.0,1.0,2.0,2.0,0.9995333412918335,1_4,0.0,1_4,0.0,1_4,0.0
2_0,2_0,2.0,0.0,2,0,0.125,0.75,0.125,0.75,0.0,0.9999999172941572,0.9999998345883143,2.0,2.0,0.9759525292967137,2_0,9.5367431640625e-07,2_0,9.5367431640625e-07,2_0,9.5367431640625e-07
1_6,1_6,1.0,6.0,1,6,1.625,0.44999999999999996,1.625,0.44999999999999996,0.0,1.0,1.0,2.0,2.0,0.7077000298680157,1_6,0.0,1_6,0.0,1_6,0.0
2_6,2_6,2.0,6.0,2,6,1.625,0.75,1.625,0.75,0.0,1.0,1.0,4.0,4.0,0.8583015500713144,2_6,0.0,2_6,0.0,2_6,0.0
3_5,3_5,3.0,5.0,3,5,1.375,1.0499999999999998,1.375,1.0499999999999998,0.0,1.0,1.0,2.0,2.0,0.6961847221369794,3_5,0.0,3_5,0.0,2_0,9.269960034932092
0_5,0_5,0.0,5.0,0,5,1.375,0.15,1.375,0.15,0.0,1.0,1.0,2.0,2.0,0.534090409997888,0_5,0.0,0_5,1.9073486328125e-06,0_5,1.9073486328125e-06
3_5,3_5,3.0,5.0,3,5,1.375,1.0499999999999998,1.375,1.0499999999999998,0.0,1.0,1.0,2.0,2.0,0.6961847221369794,3_5,0.0,3_5,0.0,2_0,9.269960034932092
3_7,3_7,3.0,7.0,3,7,1.875,1.0499999999999998,1.875,1.0499999999999998,0.0,1.0,1.0,4.0,4.0,0.8658282184059939,3_7,0.0,3_7,0.0,3_7,0.0
1_0,1_0,1.0,0.0,1,0,0.125,0.44999999999999996,0.125,0.44999999999999996,0.0,1.0,1.0,2.0,2.0,0.9925350316078637,1_0,1.3486991523486091e-06,1_0,1.3486991523486091e-06,1_0,1.3486991523486091e-06
0_5,0_5,0.0,5.0,0,5,1.375,0.15,1.375,0.15,0.0,1.0,1.0,4.0,4.0,0.7921707340653348,0_5,0.0,0_5,0.0,0_5,14.548058924171626
0_2,0_2,0.0,2.0,0,2,0.625,0.15,0.625,0.15,0.0,1.0,1.0,4.0,4.0,0.7875958618493801,0_2,0.0,0_2,0.0,0_2,0.0
3_3,3_3,3.0,3.0,3,3,0.875,1.0499999999999998,0.875,1.0499999999999998,0.0,0.6,0.19999999999999996,2.0,2.0,0.6011103283851179,3_3,0.0,3_3,0.0,3_3,0.0
1_1,1_1,1.0,1.0,1,1,0.375,0.44999999999999996,0.375,0.44999999999999996,0.0,1.0,1.0,4.0,4.0,0.6472025448734037,1_1,0.0,1_1,0.0,1_1,0.0
0_1,0_1,0.0,1.0,0,1,0.375,0.15,0.375,0.15,0.0,1.0,1.0,2.0,2.0,0.9911042031720507,0_1,0.0,0_1,0.0,0_1,0.0
3_7,3_7,3.0,7.0,3,7,1.875,1.0499999999999998,1.875,1.0499999999999998,0.0,1.0,1.0,4.0,4.0,0.6652536970286428,3_7,0.0,3_7,0.0,3_7,0.0
2_0,2_0,2.0,0.0,2,0,0.125,0.75,0.125,0.75,0.0,1.0,1.0,4.0,2.0,0.6178323187437335,2_0,0.0,2_0,0.0,2_0,0.0
3_4,3_4,3.0,4.0,3,4,1.125,1.0499999999999998,1.125,1.0499999999999998,0.0,1.0,1.0,4.0,4.0,0.9156286760019012,3_4,9.5367431640625e-07,3_4,9.5367431640625e-07,3_4,9.5367431640625e-07
2_1,2_1,2.0,1.0,2,1,0.375,0.75,0.375,0.75,0.0,1.0,1.0,4.0,4.0,0.9153862964787909,2_1,0.0,2_1,0.0,2_1,0.0
0_7,0_7,0.0,7.0,0,7,1.875,0.15,1.875,0.15,0.0,1.0,1.0,4.0,4.0,0.749648070401504,0_7,0.0,0_7,0.0,0_7,0.0
1_7,1_7,1.0,7.0,1,7,1.875,0.44999999999999996,1.875,0.44999999999999996,0.0,1.0,1.0,4.0,4.0,0.9276449940186074,1_7,0.0,1_7,0.0,1_7,0.0
2_0,2_0,2.0,0.0,2,0,0.125,0.75,0.125,0.75,0.0,1.0,1.0,2.0,2.0,0.6756424139961855,2_0,0.0,2_0,0.0,2_0,0.0
0_8,0_8,0.0,8.0,0,8,2.125,0.15,2.125,0.15,0.0,1.0,1.0,4.0,4.0,0.9425089471364447,0_8,0.0,0_8,0.0,0_8,0.0
0_4,0_4,0.0,4.0,0,4,1.125,0.15,1.125,0.15,0.0,1.0,1.0,4.0,4.0,0.9482543595365817,0_4,0.0,0_4,0.0,0_4,0.0
0_0,0_0,0.0,0.0,0,0,0.125,0.15,0.125,0.15,0.0,1.0,1.0,2.0,2.0,0.9250302102836077,0_0,0.0,0_0,0.0,0_0,0.0
0_6,0_6,0.0,6.0,0,6,1.625,0.15,1.625,0.15,0.0,1.0,1.0,4.0,4.0,0.9858226034148556,0_6,0.0,0_6,0.0,0_6,0.0
2_5,2_5,2.0,5.0,2,5,1.375,0.75,1.375,0.75,0.0,1.0,1.0,2.0,2.0,0.9581754794947018,2_5,0.0,2_5,0.0,2_5,0.0
2_4,2_4,2.0,4.0,2,4,1.125,0.75,1.125,0.75,0.0,1.0,1.0,2.0,4.0,0.7183571990868569,2_4,1.3486991523486091e-06,2_4,1.3486991523486091e-06,2_4,1.3486991523486091e-06
2_5,2_5,2.0,5.0,2,5,1.375,0.75,1.375,0.75,0.0,1.0,1.0,2.0,2.0,0.9581754794947018,2_5,0.0,2_5,0.0,2_5,0.0
2_3,2_3,2.0,3.0,2,3,0.875,0.75,0.875,0.75,0.0,1.0,1.0,2.0,2.0,0.9158338879441532,2_3,9.5367431640625e-07,2_3,9.5367431640625e-07,2_3,9.5367431640625e-07
3_7,3_7,3.0,7.0,3,7,1.875,1.0499999999999998,1.875,1.0499999999999998,0.0,1.0,1.0,2.0,2.0,0.8154753653300822,3_7,0.0,3_7,0.0,3_4,47.60885079880383
3_0,3_0,3.0,0.0,3,0,0.125,1.0499999999999998,0.125,1.0499999999999998,0.0,1.0,1.0,2.0,2.0,0.981834904548107,3_0,0.0,3_0,0.0,3_0,0.0
1_4,1_4,1.0,4.0,1,4,1.125,0.44999999999999996,1.125,0.44999999999999996,0.0,1.0,1.0,4.0,4.0,0.945842897535329,1_4,1.3486991523486091e-06,1_4,1.3486991523486091e-06,1_4,1.3486991523486091e-06
2_1,2_1,2.0,1.0,2,1,0.375,0.75,0.375,0.75,0.0,1.0,1.0,4.0,2.0,0.5557612342697151,2_1,0.0,2_1,0.0,2_1,0.0
3_2,3_2,3.0,2.0,3,2,0.625,1.0499999999999998,0.625,1.0499999999999998,0.0,1.0,1.0,4.0,2.0,0.7037329350356427,3_2,0.0,3_2,0.0,3_2,0.0
3_7,3_7,3.0,7.0,3,7,1.875,1.0499999999999998,1.875,1.0499999999999998,0.0,1.0,1.0,4.0,4.0,0.6652536970286428,3_7,0.0,3_7,0.0,3_7,0.0
2_0,2_0,2.0,0.0,2,0,0.125,0.75,0.125,0.75,0.0,0.9999999172941572,0.9999998345883143,2.0,2.0,0.9759525292967137,2_0,9.5367431640625e-07,2_0,9.5367431640625e-07,2_0,9.5367431640625e-07
2_2,2_2,2.0,2.0,2,2,0.625,0.75,0.625,0.75,0.0,1.0,1.0,4.0,2.0,0.9690843277796947,2_2,0.0,2_2,0.0,0_1,6.380173428099025
1_1,1_1,1.0,1.0,1,1,0.375,0.44999999999999996,0.375,0.44999999999999996,0.0,1.0,1.0,2.0,2.0,0.8345572948815938,1_1,0.0,1_1,0.0,1_1,0.0
0_1,0_1,0.0,1.0,0,1,0.375,0.15,0.375,0.15,0.0,1.0,1.0,2.0,2.0,0.9911042031720507,0_1,0.0,0_1,0.0,0_1,0.0
0_4,0_4,0.0,4.0,0,4,1.125,0.15,1.125,0.15,0.0,1.0,1.0,4.0,2.0,0.5050398142488112,0_4,0.0,0_4,0.0,0_4,0.0
0_6,0_6,0.0,6.0,0,6,1.625,0.15,1.625,0.15,0.0,1.0,1.0,4.0,4.0,0.9858226034148556,0_6,0.0,0_6,0.0,0_6,0.0
1_5,1_5,1.0,5.0,1,5,1.375,0.44999999999999996,1.375,0.44999999999999996,0.0,1.0,1.0,4.0,4.0,0.7795300525642297,1_5,1.3486991523486091e-06,1_5,1.3486991523486091e-06,1_5,1.3486991523486091e-06
2_4,2_4,2.0,4.0,2,4,1.125,0.75,1.125,0.75,0.0,1.0,1.0,2.0,4.0,0.7183571990868569,2_4,1.3486991523486091e-06,2_4,1.3486991523486091e-06,2_4,1.3486991523486091e-06
0_4,0_4,0.0,4.0,0,4,1.125,0.15,1.125,0.15,0.0,1.0,1.0,2.0,2.0,0.9044196394338604,0_4,0.0,0_4,0.0,0_4,0.0
2_6,2_6,2.0,6.0,2,6,1.625,0.75,1.625,0.75,0.0,1.0,1.0,4.0,2.0,0.9416147443433123,2_6,0.0,2_6,0.0,2_6,0.0
0_6,0_6,0.0,6.0,0,6,1.625,0.15,1.625,0.15,0.0,1.0,1.0,2.0,2.0,0.9426335212019328,0_6,0.0,0_6,0.0,0_6,0.0
0_1,0_1,0.0,1.0,0,1,0.375,0.15,0.375,0.15,0.0,1.0,1.0,2.0,2.0,0.8957796431039149,0_1,0.0,0_1,0.0,0_1,0.0
3_3,3_3,3.0,3.0,3,3,0.875,1.0499999999999998,0.875,1.0499999999999998,0.0,1.0,1.0,2.0,2.0,0.9984664174082271,3_3,0.0,1_0,23.155652815367908,1_0,23.155652815367908
0_1,0_1,0.0,1.0,0,1,0.375,0.15,0.375,0.15,0.0,1.0,1.0,4.0,2.0,0.6236690542487553,0_1,0.0,0_1,0.0,0_1,0.0
1_6,1_6,1.0,6.0,1,6,1.625,0.44999999999999996,1.625,0.44999999999999996,0.0,1.0,1.0,4.0,4.0,0.9140141432483238,1_6,0.0,1_6,0.0,1_6,0.0
2_0,2_0,2.0,0.0,2,0,0.125,0.75,0.125,0.75,0.0,1.0,1.0,4.0,2.0,0.6178323187437335,2_0,0.0,2_0,0.0,2_0,0.0
1_2,1_2,1.0,2.0,1,2,0.625,0.44999999999999996,0.625,0.44999999999999996,0.0,1.0,1.0,2.0,2.0,0.9970496591852066,1_2,0.0,1_2,0.0,1_2,0.0
0_6,0_6,0.0,6.0,0,6,1.625,0.15,1.625,0.15,0.0,1.0,1.0,2.0,2.0,0.989745830180516,0_6,0.0,0_6,0.0,0_6,0.0
2_5,2_5,2.0,5.0,2,5,1.375,0.75,1.375,0.75,0.0,1.0,1.0,4.0,4.0,0.993132908561983,2_5,9.5367431640625e-07,2_5,9.5367431640625e-07,2_5,9.5367431640625e-07
0_1,0_1,0.0,1.0,0,1,0.375,0.15,0.375,0.15,0.0,1.0,1.0,4.0,2.0,0.6236690542487545,0_1,0.0,0_1,0.0,0_1,0.0
2_1,2_1,2.0,1.0,2,1,0.375,0.75,0.375,0.75,0.0,1.0,1.0,4.0,2.0,0.5557612342697151,2_1,0.0,2_1,0.0,2_1,0.0
2_8,2_8,2.0,8.0,2,8,2.125,0.75,2.125,0.75,0.0,1.0,1.0,4.0,4.0,0.8217704883661896,2_8,0.0,2_8,0.0,2_8,0.0
1_3,1_3,1.0,3.0,1,3,0.875,0.44999999999999996,0.875,0.44999999999999996,0.0,1.0,1.0,2.0,2.0,0.6561559399135461,1_3,0.0,1_3,0.0,1_3,0.0
3_1,3_1,3.0,1.0,3,1,0.375,1.0499999999999998,0.375,1.0499999999999998,0.0,1.0,1.0,2.0,2.0,0.6032875805580361,3_1,0.0,3_1,9.5367431640625e-07,3_1,9.5367431640625e-07
0_8,0_8,0.0,8.0,0,8,2.125,0.15,2.125,0.15,0.0,1.0,1.0,4.0,4.0,0.9425089471364447,0_8,0.0,0_8,0.0,0_8,0.0
3_2,3_2,3.0,2.0,3,2,0.625,1.0499999999999998,0.625,1.0499999999999998,0.0,1.0,1.0,4.0,4.0,0.5239472801738652,3_2,0.0,3_2,0.0,3_2,0.0
1_3,1_3,1.0,3.0,1,3,0.875,0.44999999999999996,0.875,0.44999999999999996,0.0,1.0,1.0,2.0,2.0,0.9671409028404454,1_3,0.0,1_3,0.0,1_3,0.0
0_0,0_0,0.0,0.0,0,0,0.125,0.15,0.125,0.15,0.0,1.0,1.0,2.0,2.0,0.9250302102836077,0_0,0.0,0_0,0.0,0_0,0.0
0_6,0_6,0.0,6.0,0,6,1.625,0.15,1.625,0.15,0.0,1.0,1.0,2.0,2.0,0.989745830180516,0_6,0.0,0_6,0.0,0_6,0.0
2_2,2_2,2.0,2.0,2,2,0.625,0.75,0.625,0.75,0.0,1.0,1.0,2.0,4.0,0.6572951545534904,2_2,0.0,2_2,0.0,2_2,0.0
0_4,0_4,0.0,4.0,0,4,1.125,0.15,1.125,0.15,0.0,1.0,1.0,4.0,2.0,0.5050398142488112,0_4,0.0,0_4,0.0,0_4,0.0
2_5,2_5,2.0,5.0,2,5,1.375,0.75,1.375,0.75,0.0,1.0,1.0,2.0,2.0,0.9581754794947018,2_5,0.0,2_5,0.0,2_5,0.0
3_5,3_5,3.0,5.0,3,5,1.375,1.0499999999999998,1.375,1.0499999999999998,0.0,1.0,1.0,4.0,4.0,0.8042421453364086,3_5,0.0,3_5,0.0,3_5,0.0
2_3,2_3,2.0,3.0,2,3,0.875,0.75,0.875,0.75,0.0,1.0,1.0,4.0,4.0,0.7681275915622909,2_3,0.0,2_3,0.0,2_3,0.0
3_4,3_4,3.0,4.0,3,4,1.125,1.0499999999999998,1.125,1.0499999999999998,0.0,1.0,1.0,4.0,4.0,0.9156286760019012,3_4,9.5367431640625e-07,3_4,9.5367431640625e-07,3_4,9.5367431640625e-07
0_8,0_8,0.0,8.0,0,8,2.125,0.15,2.125,0.15,0.0,1.0,1.0,2.0,4.0,0.6003781007148273,0_8,9.5367431640625e-07,0_8,9.5367431640625e-07,0_8,9.5367431640625e-07
1_7,1_7,1.0,7.0,1,7,1.875,0.44999999999999996,1.875,0.44999999999999996,0.0,1.0,1.0,2.0,2.0,0.7441096328554698,1_7,0.0,1_7,0.0,1_7,0.0
3_0,3_0,3.0,0.0,3,0,0.125,1.0499999999999998,0.125,1.0499999999999998,0.0,1.0,1.0,4.0,4.0,0.9948570754554384,3_0,1.3486991523486091e-06,3_0,1.3486991523486091e-06,3_0,1.3486991523486091e-06
1_7,1_7,1.0,7.0,1,7,1.875,0.44999999999999996,1.875,0.44999999999999996,0.0,1.0,1.0,4.0,4.0,0.7968425588196215,1_7,0.0,1_7,0.0,1_7,0.0
1_2,1_2,1.0,2.0,1,2,0.625,0.44999999999999996,0.625,0.44999999999999996,0.0,1.0,1.0,2.0,2.0,0.9916637289081366,1_2,0.0,1_2,0.0,1_2,0.0
3_2,3_2,3.0,2.0,3,2,0.625,1.0499999999999998,0.625,1.0499999999999998,0.0,1.0,1.0,4.0,2.0,0.7037329350356427,3_2,0.0,3_2,0.0,3_2,0.0
1_3,1_3,1.0,3.0,1,3,0.875,0.44999999999999996,0.875,0.44999999999999996,0.0,1.0,1.0,4.0,2.0,0.71509418679266,1_3,0.0,1_3,0.0,1_3,0.0
3_6,3_6,3.0,6.0,3,6,1.625,1.0499999999999998,1.625,1.0499999999999998,0.0,1.0,1.0,4.0,4.0,0.9770534006778061,3_6,0.0,3_6,0.0,3_6,0.0
3_4,3_4,3.0,4.0,3,4,1.125,1.0499999999999998,1.125,1.0499999999999998,0.0,1.0,1.0,4.0,4.0,0.8908875153975144,3_4,0.0,3_4,0.0,3_4,0.0
0_7,0_7,0.0,7.0,0,7,1.875,0.15,1.875,0.15,0.0,1.0,1.0,2.0,2.0,0.9870613890632032,0_7,0.0,0_7,0.0,0_7,0.0
0_6,0_6,0.0,6.0,0,6,1.625,0.15,1.625,0.15,0.0,1.0,1.0,4.0,4.0,0.8624797479965558,0_6,0.0,0_6,0.0,0_6,0.0
2_3,2_3,2.0,3.0,2,3,0.875,0.75,0.875,0.75,0.0,1.0,1.0,4.0,4.0,0.7681275915622909,2_3,0.0,2_3,0.0,2_3,0.0
2_0,2_0,2.0,0.0,2,0,0.125,0.75,0.125,0.75,0.0,0.9999999172941572,0.9999998345883143,2.0,2.0,0.9759525292967137,2_0,9.5367431640625e-07,2_0,9.5367431640625e-07,2_0,9.5367431640625e-07
3_2,3_2,3.0,2.0,3,2,0.625,1.0499999999999998,0.625,1.0499999999999998,0.0,1.0,1.0,2.0,2.0,0.9175768222125372,3_2,9.5367431640625e-07,3_2,9.5367431640625e-07,3_2,9.5367431640625e-07
3_7,3_7,3.0,7.0,3,7,1.875,1.0499999999999998,1.875,1.0499999999999998,0.0,1.0,1.0,4.0,4.0,0.8658282184059939,3_7,0.0,3_7,0.0,3_7,0.0
3_1,3_1,3.0,1.0,3,1,0.375,1.0499999999999998,0.375,1.0499999999999998,0.0,1.0,1.0,2.0,4.0,0.6585576911030134,3_1,0.0,3_1,0.0,3_1,0.0
1_1,1_1,1.0,1.0,1,1,0.375,0.44999999999999996,0.375,0.44999999999999996,0.0,1.0,1.0,4.0,4.0,0.6472025448734037,1_1,0.0,1_1,0.0,1_1,0.0
0_8,0_8,0.0,8.0,0,8,2.125,0.15,2.125,0.15,0.0,1.0,1.0,4.0,4.0,0.9425089471364447,0_8,0.0,0_8,0.0,0_8,0.0
1_5,1_5,1.0,5.0,1,5,1.375,0.44999999999999996,1.375,0.44999999999999996,0.0,1.0,1.0,4.0,4.0,0.6028349792100228,1_5,9.5367431640625e-07,1_5,9.5367431640625e-07,1_5,9.5367431640625e-07
2_4,2_4,2.0,4.0,2,4,1.125,0.75,1.125,0.75,0.0,1.0,1.0,4.0,4.0,0.711786267315121,2_4,0.0,2_4,16.187304646169235,2_4,16.187304646169235
1_1,1_1,1.0,1.0,1,1,0.375,0.44999999999999996,0.375,0.44999999999999996,0.0,1.0,1.0,4.0,4.0,0.6472025448734037,1_1,0.0,1_1,0.0,1_1,0.0
1_6,1_6,1.0,6.0,1,6,1.625,0.44999999999999996,1.625,0.44999999999999996,0.0,1.0,1.0,2.0,2.0,0.7077000298680157,1_6,0.0,1_6,0.0,1_6,0.0
3_0,3_0,3.0,0.0,3,0,0.125,1.0499999999999998,0.125,1.0499999999999998,0.0,1.0,1.0,2.0,2.0,0.9582116854175049,3_0,0.0,3_0,0.0,3_0,0.0
3_2,3_2,3.0,2.0,3,2,0.625,1.0499999999999998,0.625,1.0499999999999998,0.0,1.0,1.0,4.0,2.0,0.7037329350356427,3_2,0.0,3_2,0.0,3_2,0.0
0_8,0_8,0.0,8.0,0,8,2.125,0.15,2.125,0.15,0.0,1.0,1.0,2.0,4.0,0.6003781007148273,0_8,9.5367431640625e-07,0_8,9.5367431640625e-07,0_8,9.5367431640625e-07
0_2,0_2,0.0,2.0,0,2,0.625,0.15,0.625,0.15,0.0,1.0,1.0,2.0,4.0,0.6498829704369906,0_2,0.0,0_2,0.0,0_2,0.0
1_5,1_5,1.0,5.0,1,5,1.375,0.44999999999999996,1.375,0.44999999999999996,0.0,1.0,1.0,2.0,2.0,0.990482843306625,1_5,6.743495761743046e-07,1_5,6.743495761743046e-07,1_5,6.743495761743046e-07
0_3,0_3,0.0,3.0,0,3,0.875,0.15,0.875,0.15,0.0,1.0,1.0,4.0,4.0,0.8635180094845787,0_3,1.3486991523486091e-06,0_3,1.3486991523486091e-06,0_3,1.3486991523486091e-06
2_1,2_1,2.0,1.0,2,1,0.375,0.75,0.375,0.75,0.0,1.0,1.0,2.0,2.0,0.6185894206092171,2_1,0.0,2_1,0.0,2_1,0.0
1_0,1_0,1.0,0.0,1,0,0.125,0.44999999999999996,0.125,0.44999999999999996,0.0,1.0,1.0,4.0,2.0,0.588615569462914,1_0,0.0,2_2,6.213573864722517,2_7,7.162992902562172
3_5,3_5,3.0,5.0,3,5,1.375,1.0499999999999998,1.375,1.0499999999999998,0.0,1.0,1.0,2.0,2.0,0.7939693782964099,3_5,0.0,3_5,0.0,3_5,0.0
0_3,0_3,0.0,3.0,0,3,0.875,0.15,0.875,0.15,0.0,1.0,1.0,4.0,4.0,0.8635180094845787,0_3,1.3486991523486091e-06,0_3,1.3486991523486091e-06,0_3,1.3486991523486091e-06
0_4,0_4,0.0,4.0,0,4,1.125,0.15,1.125,0.15,0.0,1.0,1.0,4.0,4.0,0.9482543595365817,0_4,0.0,0_4,0.0,0_4,0.0
1_0,1_0,1.0,0.0,1,0,0.125,0.44999999999999996,0.125,0.44999999999999996,0.0,1.0,1.0,4.0,4.0,0.7697692174690587,1_0,0.0,1_0,0.0,1_0,0.0
2_4,2_4,2.0,4.0,2,4,1.125,0.75,1.125,0.75,0.0,1.0,1.0,2.0,2.0,0.9966444954737748,2_4,1.3486991523486091e-06,2_4,1.3486991523486091e-06,2_4,1.3486991523486091e-06
2_8,2_8,2.0,8.0,2,8,2.125,0.75,2.125,0.75,0.0,1.0,1.0,2.0,2.0,0.940056600157928,2_8,6.743495761743046e-07,2_8,6.743495761743046e-07,2_8,6.743495761743046e-07
1_4,1_4,1.0,4.0,1,4,1.125,0.44999999999999996,1.125,0.44999999999999996,0.0,1.0,1.0,4.0,4.0,0.7244193722731985,1_4,0.0,1_4,0.0,1_4,0.0
2_5,2_5,2.0,5.0,2,5,1.375,0.75,1.375,0.75,0.0,1.0,1.0,2.0,2.0,0.9733700542618249,2_5,0.0,2_5,0.0,2_5,0.0
1_2,1_2,1.0,2.0,1,2,0.625,0.44999999999999996,0.625,0.44999999999999996,0.0,1.0,1.0,4.0,2.0,0.5590987080071516,1_2,0.0,1_2,0.0,1_2,0.0
2_3,2_3,2.0,3.0,2,3,0.875,0.75,0.875,0.75,0.0,1.0,1.0,4.0,2.0,0.9946861933177219,2_3,0.0,2_3,0.0,2_3,0.0
2_3,2_3,2.0,3.0,2,3,0.875,0.75,0.875,0.75,0.0,1.0,1.0,2.0,2.0,0.997697625731039,2_3,1.9073486328125e-06,2_3,1.9073486328125e-06,2_3,1.9073486328125e-06
2_8,2_8,2.0,8.0,2,8,2.125,0.75,2.125,0.75,0.0,1.0,1.0,4.0,4.0,0.7092805408021455,2_8,1.3486991523486091e-06,2_8,1.3486991523486091e-06,2_8,1.3486991523486091e-06
0_3,0_3,0.0,3.0,0,3,0.875,0.15,0.875,0.15,0.0,1.0,1.0,4.0,4.0,0.6728634295183107,0_3,0.0,0_3,0.0,0_3,0.0
1_5,1_5,1.0,5.0,1,5,1.375,0.44999999999999996,1.375,0.44999999999999996,0.0,1.0,1.0,4.0,4.0,0.7795300525642297,1_5,1.3486991523486091e-06,1_5,1.3486991523486091e-06,1_5,1.3486991523486091e-06
3_4,3_4,3.0,4.0,3,4,1.125,1.0499999999999998,1.125,1.0499999999999998,0.0,1.0,1.0,4.0,4.0,0.8908875153975144,3_4,0.0,3_4,0.0,3_4,0.0
1_2,1_2,1.0,2.0,1,2,0.625,0.44999999999999996,0.625,0.44999999999999996,0.0,1.0,1.0,4.0,4.0,0.9215499775270736,1_2,0.0,1_2,0.0,1_2,0.0
3_5,3_5,3.0,5.0,3,5,1.375,1.0499999999999998,1.375,1.0499999999999998,0.0,1.0,1.0,4.0,4.0,0.8042421453364086,3_5,0.0,3_5,0.0,3_5,0.0
2_5,2_5,2.0,5.0,2,5,1.375,0.75,1.375,0.75,0.0,1.0,1.0,4.0,4.0,0.9952172105935003,2_5,1.3486991523486091e-06,2_5,1.3486991523486091e-06,2_5,1.3486991523486091e-06
0_2,0_2,0.0,2.0,0,2,0.625,0.15,0.625,0.15,0.0,1.0,1.0,4.0,4.0,0.7875958618493801,0_2,0.0,0_2,0.0,0_2,0.0
3_6,3_6,3.0,6.0,3,6,1.625,1.0499999999999998,1.625,1.0499999999999998,0.0,1.0,1.0,4.0,4.0,0.9770534006778061,3_6,0.0,3_6,0.0,3_6,0.0
1_5,1_5,1.0,5.0,1,5,1.375,0.44999999999999996,1.375,0.44999999999999996,0.0,1.0,1.0,4.0,4.0,0.7795300525642297,1_5,1.3486991523486091e-06,1_5,1.3486991523486091e-06,1_5,1.3486991523486091e-06
3_3,3_3,3.0,3.0,3,3,0.875,1.0499999999999998,0.875,1.0499999999999998,0.0,0.6,0.19999999999999996,2.0,2.0,0.6011103283851179,3_3,0.0,3_3,0.0,3_3,0.0
3_4,3_4,3.0,4.0,3,4,1.125,1.0499999999999998,1.125,1.0499999999999998,0.0,1.0,1.0,4.0,4.0,0.9156286760019012,3_4,9.5367431640625e-07,3_4,9.5367431640625e-07,3_4,9.5367431640625e-07
0_0,0_0,0.0,0.0,0,0,0.125,0.15,0.125,0.15,0.0,1.0,1.0,4.0,4.0,0.5178108637170067,0_0,0.0,0_0,0.0,0_0,0.0
0_6,0_6,0.0,6.0,0,6,1.625,0.15,1.625,0.15,0.0,1.0,1.0,4.0,4.0,0.8624797479965558,0_6,0.0,0_6,0.0,0_6,0.0
2_2,2_2,2.0,2.0,2,2,0.625,0.75,0.625,0.75,0.0,1.0,1.0,2.0,2.0,0.7329323754655098,2_2,0.0,2_2,0.0,2_2,0.0
1_3,1_3,1.0,3.0,1,3,0.875,0.44999999999999996,0.875,0.44999999999999996,0.0,1.0,1.0,4.0,2.0,0.7400549353645255,1_3,0.0,1_3,0.0,1_3,0.0
2_7,2_7,2.0,7.0,2,7,1.875,0.75,1.875,0.75,0.0,1.0,1.0,4.0,4.0,0.9998729609781948,2_7,0.0,2_7,0.0,2_7,0.0
0_0,0_0,0.0,0.0,0,0,0.125,0.15,0.125,0.15,0.0,1.0,1.0,2.0,2.0,0.9250302102836077,0_0,0.0,0_0,0.0,0_0,0.0
1_3,1_3,1.0,3.0,1,3,0.875,0.44999999999999996,0.875,0.44999999999999996,0.0,1.0,1.0,4.0,2.0,0.7400549353645255,1_3,0.0,1_3,0.0,1_3,0.0
1_5,1_5,1.0,5.0,1,5,1.375,0.44999999999999996,1.375,0.44999999999999996,0.0,1.0,1.0,2.0,2.0,0.9429817441244704,1_5,0.0,1_5,0.0,1_5,0.0
2_3,2_3,2.0,3.0,2,3,0.875,0.75,0.875,0.75,0.0,1.0,1.0,2.0,2.0,0.9158338879441532,2_3,9.5367431640625e-07,2_3,9.5367431640625e-07,2_3,9.5367431640625e-07
0_4,0_4,0.0,4.0,0,4,1.125,0.15,1.125,0.15,0.0,1.0,1.0,2.0,2.0,0.9227859765648988,0_4,0.0,0_4,0.0,0_4,0.0
1_6,1_6,1.0,6.0,1,6,1.625,0.44999999999999996,1.625,0.44999999999999996,0.0,1.0,1.0,2.0,2.0,0.7077000298680157,1_6,0.0,1_6,0.0,1_6,0.0
2_7,2_7,2.0,7.0,2,7,1.875,0.75,1.875,0.75,0.0,1.0,1.0,2.0,2.0,0.8609886251940553,2_7,0.0,2_7,0.0,2_7,0.0
0_6,0_6,0.0,6.0,0,6,1.625,0.15,1.625,0.15,0.0,0.9999999649083101,0.9999999298166203,4.0,4.0,0.8115465619292054,0_6,6.743495761743046e-07,0_6,9.5367431640625e-07,0_6,9.5367431640625e-07
3_1,3_1,3.0,1.0,3,1,0.375,1.0499999999999998,0.375,1.0499999999999998,0.0,1.0,1.0,4.0,4.0,0.56606574441606,3_1,1.3486991523486091e-06,3_1,1.3486991523486091e-06,3_1,1.3486991523486091e-06
2_4,2_4,2.0,4.0,2,4,1.125,0.75,1.125,0.75,0.0,1.0,1.0,4.0,4.0,0.711786267315121,2_4,0.0,2_4,16.187304646169235,2_4,16.187304646169235
3_2,3_2,3.0,2.0,3,2,0.625,1.0499999999999998,0.625,1.0499999999999998,0.0,0.9999993377202204,0.9999986754404409,4.0,4.0,0.704865389738273,3_2,1.9073486328125e-06,1_2,11.519888895190707,1_2,11.519888895190707
3_1,3_1,3.0,1.0,3,1,0.375,1.0499999999999998,0.375,1.0499999999999998,0.0,1.0,1.0,4.0,4.0,0.9189763137718927,3_1,0.0,3_1,0.0,3_1,0.0
