,0_-1,0_-2,0_-3,0_-4,0_0,0_1,0_10,0_2,0_3,0_4,0_5,0_6,0_7,0_8,0_9,1_-1,1_-2,1_-3,1_-4,1_0,1_1,1_10,1_2,1_3,1_4,1_5,1_6,1_7,1_8,1_9,2_-1,2_-2,2_-3,2_-4,2_0,2_1,2_10,2_2,2_3,2_4,2_5,2_6,2_7,2_8,2_9,3_-1,3_-2,3_-3,3_-4,3_0,3_1,3_10,3_2,3_3,3_4,3_5,3_6,3_7,3_8,3_9,4_-1,4_-2,4_-3,4_-4,4_0,4_1,4_10,4_2,4_3,4_4,4_5,4_6,4_7,4_8,4_9
0_-1,0.0,0.0,0.0,0.0,0.1,0.0,0.0,0.0,0.08,0.006666666666666667,0.0,0.0,0.0,0.06666666666666667,0.0,0.0,0.0,0.0,0.0,0.0,0.0,0.04,0.0,0.0,0.08666666666666667,0.0,0.0,0.006666666666666667,0.0,0.05333333333333334,0.0,0.0,0.0,0.0,0.0,0.0,0.0,0.0,0.0,0.08,0.0,0.0,0.15333333333333332,0.08666666666666667,0.0,0.0,0.0,0.0,0.0,0.0,0.0,0.0,0.0,0.0,0.1,0.013333333333333334,0.0,0.08666666666666667,0.0,0.0,0.0,0.0,0.0,0.0,0.0,0.0,0.0,0.04,0.0,0.0,0.0,0.0,0.0,0.0,0.0
0_-2,0.0,0.06,0.0,0.0,0.02666666666666667,0.0,0.0,0.0,0.0,0.08666666666666667,0.0,0.0,0.0,0.0,0.0,0.0,0.07333333333333333,0.006666666666666667,0.0,0.15333333333333332,0.0,0.0,0.0,0.08666666666666667,0.0,0.04,0.0,0.16666666666666666,0.0,0.0,0.0,0.0,0.0,0.0,0.0,0.0,0.0,0.0,0.013333333333333334,0.0,0.05333333333333334,0.05333333333333334,0.0,0.0,0.0,0.02,0.0,0.0,0.0,0.0,0.0,0.0,0.0,0.0,0.0,0.0,0.03333333333333333,0.0,0.0,0.0,0.0,0.0,0.0,0.0,0.0,0.0,0.12666666666666668,0.0,0.0,0.0,0.0,0.0,0.0,0.0,0.0
0_-3,0.0,0.0,0.0,0.0,0.0,0.0,0.0,0.0,0.0,0.04,0.0,0.10666666666666667,0.0,0.0,0.0,0.0,0.0,0.0,0.0,0.0,0.0,0.02,0.0,0.0,0.0,0.04666666666666667,0.0,0.03333333333333333,0.08666666666666667,0.04666666666666667,0.0,0.08,0.0,0.0,0.0,0.0,0.0,0.0,0.0,0.16666666666666666,0.0,0.0,0.0,0.0,0.04,0.06,0.0,0.0,0.0,0.0,0.06,0.0,0.0,0.0,0.0,0.12,0.07333333333333333,0.0,0.0,0.0,0.0,0.0,0.0,0.0,0.0,0.0,0.0,0.0,0.0,0.0,0.0,0.02,0.0,0.0,0.0
0_-4,0.0,0.0,0.0,0.0,0.0,0.0,0.0,0.0,0.0,0.0,0.0,0.0,0.0,0.0,0.0,0.0,0.0,0.0,0.0,0.0,0.0,0.0,0.0,0.0,0.0,0.0,0.0,0.0,0.0,0.0,0.0,0.0,0.0,0.0,0.0,0.0,0.0,0.0,0.0,0.0,0.0,0.0,0.0,0.0,0.0,0.0,0.0,0.0,0.0,0.0,0.0,0.0,0.0,0.0,0.0,0.0,0.0,0.0,0.0,0.0,0.0,0.0,0.0,0.0,0.0,0.0,0.0,0.0,0.0,0.0,0.0,0.0,0.0,0.0,0.0
0_0,0.0,0.0,0.06,0.0,0.0,0.0,0.0,0.0,0.0,0.0,0.0,0.04,0.0,0.12666666666666668,0.0,0.0,0.0,0.0,0.1,0.14666666666666667,0.0,0.0,0.0,0.0,0.0,0.0,0.07333333333333333,0.0,0.0,0.0,0.0,0.0,0.0,0.0,0.0,0.0,0.0,0.0,0.0,0.0,0.13333333333333333,0.0,0.07333333333333333,0.0,0.0,0.0,0.0,0.0,0.0,0.0,0.0,0.06,0.0,0.0,0.0,0.0,0.0,0.09333333333333334,0.0,0.0,0.0,0.09333333333333334,0.0,0.0,0.0,0.0,0.0,0.0,0.0,0.0,0.0,0.0,0.0,0.0,0.0
0_1,0.10666666666666667,0.0,0.0,0.0,0.0,0.0,0.09333333333333334,0.0,0.006666666666666667,0.08666666666666667,0.0,0.0,0.0,0.0,0.0,0.0,0.0,0.0,0.0,0.03333333333333333,0.0,0.0,0.09333333333333334,0.0,0.0,0.0,0.013333333333333334,0.08666666666666667,0.07333333333333333,0.0,0.0,0.0,0.0,0.0,0.06666666666666667,0.0,0.12666666666666668,0.0,0.0,0.0,0.0,0.06666666666666667,0.0,0.0,0.0,0.0,0.04666666666666667,0.0,0.0,0.0,0.0,0.0,0.0,0.0,0.0,0.0,0.0,0.0,0.1,0.0,0.0,0.0,0.0,0.0,0.0,0.0,0.0,0.0,0.0,0.0,0.0,0.0,0.0,0.0,0.0
0_10,0.0,0.0,0.0,0.0,0.0,0.0,0.0,0.10666666666666667,0.0,0.0,0.0,0.09333333333333334,0.15333333333333332,0.0,0.04666666666666667,0.0,0.0,0.0,0.0,0.14,0.0,0.02666666666666667,0.05333333333333334,0.0,0.05333333333333334,0.0,0.0,0.0,0.0,0.06,0.0,0.0,0.02666666666666667,0.0,0.0,0.0,0.0,0.0,0.0,0.0,0.0,0.0,0.0,0.02666666666666667,0.0,0.0,0.0,0.0,0.0,0.0,0.06,0.0,0.12,0.0,0.0,0.0,0.0,0.0,0.0,0.0,0.0,0.0,0.0,0.0,0.0,0.0,0.0,0.03333333333333333,0.0,0.0,0.0,0.0,0.0,0.0,0.0
0_2,0.0,0.0,0.0,0.0,0.0,0.0,0.0,0.0,0.02666666666666667,0.07333333333333333,0.0,0.0,0.0,0.0,0.0,0.0,0.06,0.0,0.0,0.0,0.0,0.0,0.0,0.0,0.0,0.0,0.0,0.0,0.12666666666666668,0.0,0.0,0.0,0.0,0.0,0.16666666666666666,0.0,0.0,0.0,0.07333333333333333,0.0,0.0,0.08666666666666667,0.02,0.013333333333333334,0.0,0.0,0.0,0.0,0.0,0.0,0.0,0.0,0.0,0.0,0.0,0.04666666666666667,0.14,0.16666666666666666,0.0,0.0,0.0,0.0,0.0,0.0,0.0,0.0,0.0,0.0,0.0,0.0,0.0,0.0,0.0,0.0,0.0
0_3,0.0,0.0,0.0,0.0,0.0,0.0,0.06666666666666667,0.04666666666666667,0.0,0.0,0.0,0.0,0.0,0.0,0.0,0.04,0.0,0.0,0.0,0.0,0.0,0.09333333333333334,0.0,0.0,0.0,0.0,0.08,0.0,0.0,0.08666666666666667,0.0,0.0,0.0,0.0,0.06,0.0,0.0,0.03333333333333333,0.0,0.02666666666666667,0.06,0.18,0.0,0.0,0.05333333333333334,0.0,0.0,0.0,0.0,0.0,0.0,0.0,0.0,0.0,0.0,0.0,0.0,0.14,0.0,0.0,0.006666666666666667,0.0,0.0,0.0,0.0,0.0,0.02666666666666667,0.0,0.0,0.0,0.0,0.0,0.0,0.0,0.0
0_4,0.0,0.0,0.0,0.0,0.006666666666666667,0.0,0.0,0.0,0.02,0.0,0.0,0.0,0.04,0.0,0.0,0.0,0.0,0.0,0.0,0.0,0.08,0.0,0.0,0.0,0.0,0.0,0.06,0.0,0.08,0.09333333333333334,0.0,0.0,0.1,0.0,0.0,0.0,0.0,0.0,0.0,0.05333333333333334,0.02666666666666667,0.0,0.0,0.19333333333333333,0.0,0.0,0.0,0.0,0.0,0.0,0.0,0.0,0.11333333333333333,0.0,0.0,0.0,0.0,0.006666666666666667,0.0,0.0,0.0,0.0,0.0,0.0,0.0,0.0,0.0,0.0,0.0,0.06,0.06666666666666667,0.0,0.0,0.0,0.0
0_5,0.0,0.0,0.0,0.0,0.0,0.02666666666666667,0.08666666666666667,0.0,0.05333333333333334,0.0,0.0,0.0,0.02666666666666667,0.0,0.08,0.0,0.0,0.0,0.0,0.0,0.0,0.04,0.0,0.0,0.08666666666666667,0.0,0.0,0.0,0.0,0.08,0.0,0.08666666666666667,0.0,0.0,0.0,0.0,0.0,0.05333333333333334,0.0,0.0,0.0,0.0,0.0,0.08666666666666667,0.0,0.0,0.0,0.0,0.0,0.0,0.0,0.08,0.08,0.0,0.0,0.04666666666666667,0.0,0.0,0.0,0.08666666666666667,0.0,0.0,0.0,0.0,0.0,0.0,0.0,0.0,0.0,0.0,0.0,0.0,0.0,0.0,0.0
0_6,0.0,0.0,0.0,0.06,0.0,0.0,0.12666666666666668,0.2,0.0,0.05333333333333334,0.0,0.0,0.03333333333333333,0.0,0.12,0.0,0.04666666666666667,0.0,0.0,0.0,0.0,0.0,0.0,0.0,0.06,0.0,0.0,0.0,0.0,0.0,0.0,0.0,0.0,0.0,0.0,0.0,0.0,0.0,0.0,0.0,0.0,0.0,0.0,0.0,0.04666666666666667,0.0,0.0,0.0,0.0,0.0,0.0,0.0,0.0,0.0,0.08666666666666667,0.0,0.12,0.0,0.0,0.0,0.0,0.0,0.0,0.0,0.0,0.0,0.0,0.0,0.0,0.0,0.0,0.04666666666666667,0.0,0.0,0.0
0_7,0.0,0.0,0.0,0.0,0.11333333333333333,0.0,0.05333333333333334,0.0,0.16,0.04,0.0,0.006666666666666667,0.0,0.0,0.0,0.0,0.0,0.0,0.0,0.006666666666666667,0.1,0.0,0.0,0.0,0.0,0.0,0.0,0.0,0.006666666666666667,0.16,0.0,0.0,0.0,0.06,0.0,0.0,0.0,0.0,0.0,0.0,0.0,0.0,0.0,0.0,0.0,0.0,0.0,0.0,0.0,0.0,0.0,0.0,0.12666666666666668,0.0,0.0,0.16666666666666666,0.0,0.0,0.0,0.0,0.0,0.0,0.0,0.0,0.0,0.0,0.0,0.0,0.0,0.0,0.0,0.0,0.0,0.0,0.0
0_8,0.0,0.0,0.0,0.006666666666666667,0.0,0.013333333333333334,0.0,0.0,0.0,0.0,0.0,0.0,0.0,0.0,0.0,0.0,0.0,0.0,0.0,0.09333333333333334,0.0,0.06,0.13333333333333333,0.02,0.0,0.0,0.0,0.0,0.0,0.0,0.0,0.0,0.0,0.0,0.006666666666666667,0.0,0.0,0.03333333333333333,0.0,0.0,0.0,0.08666666666666667,0.16,0.0,0.09333333333333334,0.0,0.0,0.0,0.0,0.0,0.0,0.0,0.0,0.0,0.0,0.16666666666666666,0.0,0.08666666666666667,0.0,0.0,0.0,0.0,0.0,0.0,0.04,0.0,0.0,0.0,0.0,0.0,0.0,0.0,0.0,0.0,0.0
0_9,0.0,0.0,0.0,0.0,0.0,0.0,0.006666666666666667,0.006666666666666667,0.0,0.0,0.14666666666666667,0.05333333333333334,0.09333333333333334,0.0,0.0,0.0,0.0,0.02,0.0,0.0,0.16,0.0,0.02666666666666667,0.02666666666666667,0.0,0.0,0.0,0.0,0.13333333333333333,0.08666666666666667,0.0,0.0,0.0,0.0,0.0,0.0,0.06666666666666667,0.0,0.03333333333333333,0.0,0.0,0.0,0.02666666666666667,0.0,0.013333333333333334,0.0,0.0,0.0,0.0,0.0,0.0,0.0,0.0,0.0,0.0,0.0,0.0,0.0,0.0,0.0,0.0,0.0,0.0,0.0,0.0,0.0,0.0,0.02,0.0,0.0,0.0,0.0,0.03333333333333333,0.0,0.04666666666666667
1_-1,0.0,0.0,0.0,0.08,0.0,0.0,0.0,0.0,0.12666666666666668,0.0,0.0,0.03333333333333333,0.0,0.0,0.006666666666666667,0.0,0.08666666666666667,0.0,0.0,0.0,0.0,0.0,0.0,0.0,0.0,0.0,0.0,0.0,0.006666666666666667,0.0,0.0,0.0,0.0,0.0,0.0,0.0,0.0,0.09333333333333334,0.0,0.0,0.0,0.0,0.08,0.0,0.0,0.04666666666666667,0.0,0.0,0.0,0.0,0.0,0.0,0.0,0.0,0.0,0.24666666666666667,0.06666666666666667,0.0,0.0,0.0,0.0,0.0,0.0,0.0,0.0,0.0,0.0,0.04,0.0,0.0,0.0,0.0,0.0,0.0,0.08666666666666667
1_-2,0.0,0.0,0.0,0.0,0.0,0.0,0.0,0.09333333333333334,0.006666666666666667,0.0,0.0,0.07333333333333333,0.0,0.0,0.0,0.0,0.0,0.0,0.0,0.03333333333333333,0.0,0.0,0.0,0.0,0.0,0.13333333333333333,0.0,0.07333333333333333,0.0,0.0,0.0,0.0,0.0,0.0,0.0,0.0,0.0,0.0,0.0,0.0,0.0,0.0,0.07333333333333333,0.0,0.0,0.0,0.0,0.0,0.0,0.04,0.0,0.0,0.0,0.0,0.0,0.26,0.1,0.09333333333333334,0.0,0.0,0.0,0.0,0.0,0.0,0.0,0.0,0.02,0.0,0.0,0.0,0.0,0.0,0.0,0.0,0.0
1_-3,0.0,0.0,0.0,0.0,0.0,0.0,0.0,0.0,0.14,0.07333333333333333,0.0,0.0,0.13333333333333333,0.0,0.0,0.0,0.0,0.0,0.0,0.0,0.0,0.0,0.06,0.0,0.12,0.07333333333333333,0.0,0.0,0.0,0.0,0.0,0.0,0.0,0.0,0.0,0.0,0.0,0.0,0.0,0.09333333333333334,0.0,0.05333333333333334,0.0,0.0,0.0,0.0,0.0,0.0,0.0,0.0,0.0,0.03333333333333333,0.0,0.0,0.0,0.02666666666666667,0.0,0.07333333333333333,0.0,0.0,0.0,0.0,0.0,0.0,0.0,0.0,0.08666666666666667,0.0,0.0,0.006666666666666667,0.02666666666666667,0.0,0.0,0.0,0.0
1_-4,0.0,0.006666666666666667,0.0,0.0,0.0,0.0,0.02,0.0,0.0,0.0,0.0,0.0,0.0,0.0,0.0,0.0,0.0,0.0,0.0,0.0,0.0,0.06666666666666667,0.0,0.0,0.15333333333333332,0.0,0.0,0.06666666666666667,0.06666666666666667,0.0,0.0,0.0,0.0,0.0,0.08666666666666667,0.0,0.0,0.0,0.0,0.04666666666666667,0.0,0.24,0.08666666666666667,0.0,0.09333333333333334,0.006666666666666667,0.0,0.0,0.0,0.0,0.0,0.0,0.0,0.0,0.0,0.0,0.0,0.006666666666666667,0.0,0.0,0.0,0.0,0.0,0.0,0.0,0.0,0.0,0.0,0.05333333333333334,0.0,0.0,0.0,0.0,0.0,0.0
1_0,0.0,0.0,0.02,0.0,0.0,0.0,0.0,0.15333333333333332,0.0,0.0,0.0,0.0,0.1,0.006666666666666667,0.06666666666666667,0.0,0.0,0.0,0.0,0.0,0.0,0.0,0.0,0.0,0.0,0.02,0.0,0.0,0.0,0.0,0.0,0.0,0.0,0.10666666666666667,0.0,0.0,0.0,0.0,0.0,0.0,0.0,0.0,0.03333333333333333,0.06666666666666667,0.02666666666666667,0.06,0.0,0.0,0.0,0.0,0.0,0.08,0.0,0.0,0.0,0.0,0.006666666666666667,0.08666666666666667,0.0,0.06666666666666667,0.0,0.0,0.0,0.0,0.0,0.0,0.0,0.0,0.1,0.0,0.0,0.0,0.0,0.0,0.0
1_1,0.0,0.0,0.03333333333333333,0.0,0.0,0.0,0.0,0.10666666666666667,0.0,0.10666666666666667,0.0,0.0,0.0,0.0,0.0,0.0,0.0,0.0,0.0,0.0,0.09333333333333334,0.0,0.0,0.0,0.0,0.08,0.08666666666666667,0.02,0.0,0.0,0.0,0.0,0.0,0.0,0.0,0.13333333333333333,0.0,0.0,0.0,0.14666666666666667,0.0,0.0,0.12666666666666668,0.0,0.0,0.0,0.0,0.0,0.0,0.06,0.0,0.0,0.0,0.0,0.0,0.0,0.0,0.0,0.0,0.0,0.0,0.0,0.0,0.006666666666666667,0.0,0.0,0.0,0.0,0.0,0.0,0.0,0.0,0.0,0.0,0.0
1_10,0.0,0.0,0.0,0.0,0.05333333333333334,0.16666666666666666,0.0,0.0,0.0,0.0,0.14,0.0,0.0,0.0,0.0,0.0,0.0,0.0,0.0,0.0,0.0,0.0,0.0,0.0,0.0,0.0,0.05333333333333334,0.05333333333333334,0.013333333333333334,0.0,0.06666666666666667,0.0,0.0,0.0,0.0,0.0,0.0,0.0,0.0,0.0,0.0,0.02666666666666667,0.06,0.0,0.0,0.0,0.0,0.0,0.0,0.013333333333333334,0.0,0.08666666666666667,0.0,0.013333333333333334,0.0,0.25333333333333335,0.0,0.0,0.0,0.0,0.0,0.0,0.0,0.0,0.0,0.0,0.0,0.0,0.0,0.0,0.0,0.0,0.0,0.0,0.0
1_2,0.0,0.0,0.0,0.0,0.0,0.0,0.0,0.0,0.0,0.16,0.0,0.0,0.0,0.02,0.0,0.0,0.08666666666666667,0.0,0.0,0.0,0.0,0.0,0.0,0.0,0.0,0.04,0.0,0.0,0.0,0.0,0.0,0.0,0.0,0.0,0.12666666666666668,0.0,0.06,0.16666666666666666,0.0,0.0,0.0,0.0,0.0,0.0,0.0,0.0,0.0,0.0,0.0,0.0,0.0,0.0,0.02,0.0,0.04,0.0,0.0,0.28,0.0,0.0,0.0,0.0,0.0,0.0,0.0,0.0,0.0,0.0,0.0,0.0,0.0,0.0,0.0,0.0,0.0
1_3,0.04,0.0,0.0,0.0,0.0,0.0,0.0,0.0,0.0,0.0,0.06666666666666667,0.08,0.0,0.0,0.0,0.0,0.07333333333333333,0.0,0.0,0.0,0.04666666666666667,0.0,0.0,0.06666666666666667,0.0,0.0,0.0,0.05333333333333334,0.0,0.0,0.0,0.0,0.0,0.0,0.08666666666666667,0.15333333333333332,0.0,0.0,0.0,0.0,0.0,0.0,0.006666666666666667,0.0,0.0,0.0,0.0,0.0,0.0,0.0,0.0,0.0,0.09333333333333334,0.05333333333333334,0.0,0.0,0.06666666666666667,0.0,0.0,0.0,0.0,0.0,0.0,0.0,0.0,0.013333333333333334,0.013333333333333334,0.0,0.0,0.08666666666666667,0.0,0.0,0.0,0.0,0.0
1_4,0.11333333333333333,0.0,0.0,0.0,0.03333333333333333,0.0,0.0,0.0,0.0,0.0,0.06666666666666667,0.03333333333333333,0.0,0.0,0.0,0.0,0.16666666666666666,0.0,0.0,0.0,0.0,0.03333333333333333,0.0,0.0,0.0,0.0,0.0,0.0,0.03333333333333333,0.06666666666666667,0.0,0.0,0.0,0.0,0.0,0.0,0.0,0.0,0.0,0.0,0.06666666666666667,0.12666666666666668,0.0,0.03333333333333333,0.04,0.1,0.0,0.0,0.0,0.0,0.0,0.0,0.03333333333333333,0.0,0.0,0.0,0.05333333333333334,0.0,0.0,0.0,0.0,0.0,0.0,0.0,0.0,0.0,0.0,0.0,0.0,0.0,0.0,0.0,0.0,0.0,0.0
1_5,0.0,0.0,0.0,0.0,0.0,0.0,0.16666666666666666,0.06,0.02666666666666667,0.06666666666666667,0.08666666666666667,0.006666666666666667,0.0,0.05333333333333334,0.0,0.0,0.0,0.013333333333333334,0.0,0.0,0.0,0.0,0.0,0.0,0.0,0.0,0.0,0.06,0.006666666666666667,0.0,0.0,0.04666666666666667,0.0,0.0,0.05333333333333334,0.0,0.0,0.06666666666666667,0.0,0.0,0.0,0.08,0.0,0.0,0.04,0.07333333333333333,0.0,0.0,0.0,0.0,0.0,0.0,0.0,0.0,0.09333333333333334,0.0,0.0,0.0,0.0,0.0,0.0,0.0,0.0,0.0,0.0,0.0,0.0,0.0,0.0,0.0,0.0,0.0,0.0,0.0,0.0
1_6,0.0,0.0,0.02666666666666667,0.14,0.03333333333333333,0.0,0.006666666666666667,0.12666666666666668,0.0,0.0,0.0,0.0,0.0,0.0,0.04,0.0,0.07333333333333333,0.0,0.0,0.0,0.08,0.0,0.0,0.0,0.0,0.0,0.0,0.0,0.09333333333333334,0.02,0.0,0.0,0.0,0.04,0.0,0.19333333333333333,0.08666666666666667,0.0,0.0,0.0,0.0,0.0,0.0,0.0,0.0,0.0,0.0,0.0,0.0,0.0,0.0,0.0,0.0,0.0,0.0,0.0,0.0,0.0,0.0,0.0,0.0,0.0,0.0,0.0,0.0,0.0,0.0,0.0,0.0,0.0,0.0,0.04,0.0,0.0,0.0
1_7,0.0,0.0,0.0,0.03333333333333333,0.08,0.23333333333333334,0.0,0.11333333333333333,0.0,0.0,0.0,0.0,0.0,0.0,0.0,0.0,0.0,0.0,0.0,0.08,0.0,0.0,0.0,0.0,0.0,0.0,0.0,0.0,0.0,0.0,0.0,0.006666666666666667,0.0,0.0,0.0,0.0,0.04,0.07333333333333333,0.0,0.08666666666666667,0.0,0.0,0.0,0.08666666666666667,0.0,0.0,0.0,0.0,0.0,0.0,0.0,0.0,0.0,0.0,0.0,0.0,0.0,0.14,0.0,0.0,0.0,0.0,0.0,0.0,0.0,0.0,0.0,0.0,0.0,0.0,0.0,0.02666666666666667,0.0,0.0,0.0
1_8,0.0,0.0,0.0,0.0,0.0,0.0,0.0,0.0,0.0,0.0,0.0,0.0,0.0,0.0,0.08666666666666667,0.0,0.08,0.0,0.0,0.0,0.04,0.0,0.0,0.08666666666666667,0.0,0.03333333333333333,0.09333333333333334,0.12666666666666668,0.0,0.0,0.0,0.0,0.0,0.0,0.0,0.0,0.0,0.06,0.0,0.013333333333333334,0.0,0.0,0.0,0.0,0.0,0.0,0.0,0.0,0.0,0.1,0.0,0.0,0.04,0.0,0.0,0.08,0.0,0.07333333333333333,0.0,0.013333333333333334,0.0,0.0,0.0,0.0,0.0,0.02666666666666667,0.04666666666666667,0.0,0.0,0.0,0.0,0.0,0.0,0.0,0.0
1_9,0.06,0.0,0.0,0.0,0.0,0.0,0.0,0.08666666666666667,0.0,0.1,0.0,0.0,0.0,0.08,0.08666666666666667,0.0,0.0,0.0,0.0,0.02666666666666667,0.0,0.0,0.04666666666666667,0.0,0.0,0.0,0.0,0.0,0.0,0.07333333333333333,0.0,0.0,0.0,0.0,0.0,0.0,0.0,0.06,0.006666666666666667,0.0,0.0,0.0,0.0,0.09333333333333334,0.006666666666666667,0.013333333333333334,0.0,0.0,0.0,0.0,0.0,0.0,0.0,0.0,0.0,0.0,0.0,0.0,0.0,0.0,0.0,0.0,0.0,0.0,0.0,0.0,0.16666666666666666,0.0,0.0,0.0,0.0,0.0,0.0,0.0,0.09333333333333334
2_-1,0.0,0.0,0.05333333333333334,0.02,0.04,0.0,0.0,0.0,0.0,0.0,0.0,0.013333333333333334,0.0,0.16666666666666666,0.0,0.0,0.04,0.03333333333333333,0.0,0.0,0.0,0.0,0.0,0.03333333333333333,0.0,0.0,0.0,0.0,0.013333333333333334,0.0,0.0,0.0,0.0,0.0,0.0,0.0,0.0,0.0,0.0,0.04,0.09333333333333334,0.0,0.0,0.15333333333333332,0.0,0.0,0.0,0.0,0.006666666666666667,0.0,0.0,0.0,0.09333333333333334,0.0,0.0,0.16666666666666666,0.0,0.0,0.0,0.0,0.0,0.0,0.0,0.0,0.0,0.006666666666666667,0.0,0.0,0.0,0.02,0.0,0.0,0.006666666666666667,0.0,0.0
2_-2,0.0,0.0,0.0,0.0,0.0,0.0,0.0,0.07333333333333333,0.0,0.0,0.09333333333333334,0.0,0.0,0.0,0.04,0.0,0.0,0.0,0.0,0.0,0.0,0.0,0.0,0.06666666666666667,0.02,0.0,0.0,0.1,0.12,0.0,0.0,0.0,0.0,0.0,0.0,0.0,0.0,0.0,0.0,0.15333333333333332,0.0,0.0,0.0,0.0,0.0,0.0,0.0,0.0,0.0,0.0,0.03333333333333333,0.06,0.07333333333333333,0.0,0.0,0.0,0.0,0.0,0.0,0.0,0.0,0.0,0.0,0.0,0.0,0.0,0.16666666666666666,0.0,0.0,0.0,0.0,0.0,0.0,0.0,0.0
2_-3,0.0,0.0,0.0,0.0,0.0,0.0,0.0,0.07333333333333333,0.07333333333333333,0.0,0.08666666666666667,0.0,0.0,0.0,0.0,0.0,0.0,0.0,0.0,0.0,0.0,0.0,0.0,0.0,0.0,0.0,0.0,0.0,0.14666666666666667,0.09333333333333334,0.0,0.0,0.0,0.0,0.0,0.0,0.0,0.0,0.0,0.08666666666666667,0.0,0.06,0.0,0.0,0.10666666666666667,0.0,0.0,0.0,0.0,0.006666666666666667,0.0,0.0,0.0,0.0,0.0,0.0,0.0,0.1,0.09333333333333334,0.0,0.0,0.0,0.0,0.0,0.0,0.0,0.0,0.0,0.0,0.0,0.0,0.07333333333333333,0.0,0.0,0.0
2_-4,0.0,0.0,0.0,0.0,0.0,0.0,0.0,0.0,0.0,0.0,0.0,0.0,0.0,0.0,0.0,0.0,0.0,0.0,0.0,0.0,0.0,0.0,0.0,0.0,0.0,0.0,0.0,0.0,0.0,0.0,0.0,0.0,0.0,0.0,0.0,0.0,0.0,0.0,0.0,0.0,0.0,0.0,0.0,0.0,0.0,0.0,0.0,0.0,0.0,0.0,0.0,0.0,0.0,0.0,0.0,0.0,0.0,0.0,0.0,0.0,0.0,0.0,0.0,0.0,0.0,0.0,0.0,0.0,0.0,0.0,0.0,0.0,0.0,0.0,0.0
2_0,0.0,0.0,0.0,0.0,0.0,0.0,0.06666666666666667,0.0,0.0,0.1,0.09333333333333334,0.0,0.0,0.0,0.0,0.0,0.0,0.0,0.0,0.0,0.0,0.06,0.0,0.0,0.0,0.0,0.0,0.0,0.16666666666666666,0.08,0.0,0.0,0.0,0.0,0.0,0.02,0.0,0.0,0.0,0.05333333333333334,0.0,0.06666666666666667,0.0,0.0,0.006666666666666667,0.08666666666666667,0.0,0.0,0.0,0.0,0.0,0.0,0.0,0.0,0.0,0.0,0.1,0.0,0.0,0.0,0.0,0.0,0.02,0.0,0.0,0.0,0.0,0.08,0.0,0.0,0.0,0.0,0.0,0.0,0.0
2_1,0.0,0.0,0.0,0.0,0.0,0.07333333333333333,0.0,0.0,0.0,0.13333333333333333,0.0,0.1,0.0,0.0,0.0,0.0,0.0,0.0,0.0,0.08,0.0,0.0,0.0,0.0,0.0,0.006666666666666667,0.0,0.16666666666666666,0.22666666666666666,0.0,0.0,0.04666666666666667,0.0,0.0,0.0,0.0,0.0,0.0,0.03333333333333333,0.04666666666666667,0.0,0.0,0.0,0.0,0.0,0.0,0.0,0.0,0.0,0.0,0.0,0.0,0.0,0.0,0.0,0.0,0.03333333333333333,0.0,0.0,0.0,0.0,0.0,0.0,0.0,0.0,0.0,0.0,0.0,0.0,0.0,0.0,0.0,0.0,0.05333333333333334,0.0
2_10,0.006666666666666667,0.0,0.0,0.0,0.0,0.0,0.0,0.07333333333333333,0.0,0.0,0.0,0.0,0.0,0.15333333333333332,0.0,0.0,0.06,0.0,0.0,0.0,0.0,0.0,0.0,0.0,0.0,0.08666666666666667,0.0,0.0,0.26,0.0,0.0,0.0,0.0,0.0,0.0,0.0,0.0,0.0,0.0,0.0,0.0,0.07333333333333333,0.0,0.0,0.0,0.0,0.0,0.10666666666666667,0.0,0.0,0.0,0.08666666666666667,0.04666666666666667,0.0,0.0,0.0,0.0,0.0,0.0,0.0,0.0,0.0,0.0,0.0,0.0,0.0,0.013333333333333334,0.0,0.0,0.0,0.0,0.03333333333333333,0.0,0.0,0.0
2_2,0.0,0.0,0.0,0.0,0.0,0.0,0.0,0.0,0.0,0.0,0.08,0.0,0.0,0.12,0.0,0.08666666666666667,0.0,0.0,0.0,0.0,0.08666666666666667,0.0,0.04,0.0,0.0,0.0,0.06666666666666667,0.0,0.16666666666666666,0.0,0.0,0.0,0.0,0.04,0.10666666666666667,0.0,0.0,0.06666666666666667,0.0,0.0,0.0,0.0,0.0,0.0,0.0,0.0,0.0,0.0,0.0,0.0,0.0,0.0,0.0,0.0,0.06,0.06,0.0,0.0,0.0,0.0,0.0,0.0,0.0,0.0,0.0,0.0,0.0,0.0,0.02,0.0,0.0,0.0,0.0,0.0,0.0
2_3,0.0,0.04,0.0,0.0,0.0,0.0,0.0,0.0,0.0,0.03333333333333333,0.0,0.0,0.0,0.0,0.0,0.0,0.0,0.0,0.0,0.0,0.0,0.0,0.08,0.06,0.22,0.0,0.0,0.12,0.16666666666666666,0.0,0.0,0.0,0.0,0.0,0.03333333333333333,0.006666666666666667,0.0,0.0,0.0,0.0,0.0,0.0,0.0,0.0,0.0,0.0,0.0,0.0,0.0,0.0,0.0,0.03333333333333333,0.0,0.0,0.0,0.0,0.0,0.0,0.0,0.0,0.0,0.0,0.0,0.0,0.08,0.0,0.0,0.08666666666666667,0.0,0.0,0.04,0.0,0.0,0.0,0.0
2_4,0.0,0.0,0.0,0.0,0.0,0.0,0.0,0.0,0.02,0.0,0.0,0.0,0.0,0.0,0.0,0.0,0.09333333333333334,0.0,0.0,0.02,0.08666666666666667,0.0,0.0,0.0,0.0,0.0,0.0,0.16666666666666666,0.16666666666666666,0.0,0.0,0.0,0.02,0.0,0.03333333333333333,0.0,0.02666666666666667,0.0,0.0,0.0,0.0,0.05333333333333334,0.0,0.0,0.0,0.0,0.09333333333333334,0.0,0.0,0.0,0.0,0.0,0.0,0.0,0.0,0.0,0.0,0.0,0.0,0.0,0.0,0.0,0.0,0.0,0.0,0.0,0.0,0.14,0.08,0.0,0.0,0.0,0.0,0.0,0.0
2_5,0.0,0.0,0.0,0.0,0.08,0.1,0.0,0.0,0.0,0.02666666666666667,0.0,0.1,0.0,0.0,0.0,0.0,0.0,0.05333333333333334,0.0,0.0,0.09333333333333334,0.0,0.0,0.0,0.09333333333333334,0.0,0.0,0.0,0.16666666666666666,0.06,0.0,0.0,0.0,0.0,0.0,0.0,0.0,0.0,0.0,0.0,0.0,0.13333333333333333,0.07333333333333333,0.006666666666666667,0.0,0.0,0.0,0.0,0.0,0.0,0.0,0.0,0.0,0.0,0.006666666666666667,0.0,0.0,0.0,0.0,0.0,0.0,0.0,0.0,0.0,0.0,0.0,0.0,0.006666666666666667,0.0,0.0,0.0,0.0,0.0,0.0,0.0
2_6,0.0,0.0,0.0,0.0,0.07333333333333333,0.0,0.006666666666666667,0.0,0.0,0.16666666666666666,0.0,0.0,0.0,0.0,0.0,0.0,0.0,0.0,0.0,0.0,0.0,0.0,0.08,0.0,0.0,0.0,0.0,0.0,0.16666666666666666,0.0,0.0,0.0,0.0,0.0,0.0,0.04666666666666667,0.0,0.0,0.0,0.0,0.0,0.16666666666666666,0.0,0.08666666666666667,0.09333333333333334,0.0,0.0,0.0,0.0,0.0,0.0,0.0,0.0,0.0,0.0,0.0,0.0,0.0,0.0,0.02666666666666667,0.0,0.0,0.0,0.0,0.0,0.0,0.0,0.0,0.08666666666666667,0.0,0.0,0.0,0.0,0.0,0.0
2_7,0.0,0.0,0.0,0.0,0.02666666666666667,0.0,0.0,0.0,0.0,0.0,0.0,0.05333333333333334,0.07333333333333333,0.0,0.0,0.0,0.0,0.0,0.0,0.0,0.08666666666666667,0.0,0.05333333333333334,0.08666666666666667,0.0,0.0,0.02,0.11333333333333333,0.16666666666666666,0.0,0.0,0.0,0.006666666666666667,0.0,0.0,0.0,0.0,0.0,0.0,0.12,0.0,0.0,0.0,0.0,0.0,0.0,0.0,0.0,0.0,0.0,0.0,0.0,0.0,0.0,0.0,0.0,0.0,0.0,0.0,0.0,0.0,0.0,0.04666666666666667,0.0,0.0,0.0,0.14666666666666667,0.0,0.0,0.0,0.0,0.0,0.0,0.0,0.0
2_8,0.0,0.0,0.0,0.0,0.0,0.0,0.0,0.0,0.0,0.08,0.0,0.0,0.0,0.0,0.0,0.0,0.0,0.0,0.0,0.0,0.0,0.0,0.0,0.08666666666666667,0.08,0.0,0.0,0.0,0.2866666666666667,0.08666666666666667,0.0,0.0,0.0,0.0,0.0,0.0,0.0,0.0,0.0,0.04666666666666667,0.0,0.0,0.0,0.04666666666666667,0.0,0.0,0.0,0.0,0.09333333333333334,0.0,0.0,0.006666666666666667,0.0,0.0,0.0,0.0,0.0,0.0,0.07333333333333333,0.0,0.0,0.0,0.0,0.0,0.0,0.013333333333333334,0.0,0.0,0.0,0.08666666666666667,0.013333333333333334,0.0,0.0,0.0,0.0
2_9,0.0,0.0,0.0,0.006666666666666667,0.0,0.0,0.0,0.0,0.0,0.006666666666666667,0.0,0.03333333333333333,0.0,0.0,0.0,0.0,0.0,0.0,0.1,0.0,0.0,0.0,0.0,0.0,0.0,0.0,0.0,0.0,0.16666666666666666,0.0,0.0,0.0,0.0,0.0,0.0,0.04666666666666667,0.09333333333333334,0.0,0.0,0.0,0.14,0.0,0.0,0.07333333333333333,0.0,0.0,0.0,0.0,0.0,0.0,0.0,0.04,0.0,0.0,0.0,0.0,0.06666666666666667,0.16666666666666666,0.0,0.0,0.0,0.0,0.0,0.0,0.0,0.0,0.0,0.0,0.06,0.0,0.0,0.0,0.0,0.0,0.0
3_-1,0.0,0.0,0.0,0.0,0.0,0.0,0.0,0.16666666666666666,0.0,0.0,0.0,0.04666666666666667,0.0,0.0,0.0,0.0,0.02666666666666667,0.0,0.0,0.0,0.006666666666666667,0.08666666666666667,0.0,0.0,0.05333333333333334,0.0,0.0,0.0,0.0,0.04,0.0,0.0,0.0,0.0,0.0,0.0,0.0,0.0,0.0,0.0,0.0,0.04,0.0,0.09333333333333334,0.07333333333333333,0.0,0.0,0.0,0.0,0.04666666666666667,0.0,0.0,0.0,0.0,0.0,0.12,0.0,0.0,0.0,0.0,0.09333333333333334,0.0,0.0,0.0,0.0,0.0,0.0,0.0,0.0,0.02,0.0,0.0,0.0,0.0,0.08666666666666667
3_-2,0.0,0.0,0.0,0.0,0.0,0.0,0.0,0.16666666666666666,0.02666666666666667,0.0,0.0,0.0,0.0,0.0,0.0,0.0,0.0,0.0,0.0,0.0,0.1,0.0,0.0,0.06,0.08,0.0,0.0,0.0,0.0,0.0,0.02,0.0,0.0,0.0,0.0,0.0,0.0,0.0,0.02,0.05333333333333334,0.0,0.0,0.0,0.0,0.0,0.0,0.0,0.0,0.0,0.0,0.006666666666666667,0.0,0.0,0.0,0.0,0.3,0.0,0.0,0.1,0.06,0.0,0.0,0.0,0.0,0.0,0.006666666666666667,0.0,0.0,0.0,0.0,0.0,0.0,0.0,0.0,0.0
3_-3,0.0,0.0,0.08,0.0,0.0,0.0,0.0,0.28,0.0,0.0,0.0,0.0,0.0,0.11333333333333333,0.0,0.0,0.0,0.0,0.0,0.02666666666666667,0.0,0.0,0.006666666666666667,0.0,0.1,0.12666666666666668,0.0,0.05333333333333334,0.0,0.0,0.0,0.0,0.0,0.0,0.0,0.0,0.0,0.0,0.0,0.0,0.0,0.0,0.0,0.0,0.0,0.0,0.013333333333333334,0.0,0.0,0.0,0.0,0.0,0.0,0.0,0.0,0.06,0.0,0.0,0.14,0.0,0.0,0.0,0.0,0.0,0.0,0.0,0.0,0.0,0.0,0.0,0.0,0.0,0.0,0.0,0.0
3_-4,0.0,0.0,0.0,0.0,0.0,0.0,0.0,0.16666666666666666,0.0,0.0,0.0,0.0,0.0,0.0,0.0,0.0,0.0,0.03333333333333333,0.0,0.09333333333333334,0.0,0.0,0.0,0.0,0.0,0.0,0.0,0.10666666666666667,0.0,0.0,0.0,0.0,0.0,0.0,0.0,0.0,0.0,0.0,0.0,0.0,0.0,0.0,0.0,0.15333333333333332,0.0,0.0,0.0,0.0,0.0,0.0,0.0,0.0,0.02666666666666667,0.0,0.0,0.0,0.0,0.3,0.0,0.0,0.0,0.0,0.04,0.08,0.0,0.0,0.0,0.0,0.0,0.0,0.0,0.0,0.0,0.0,0.0
3_0,0.0,0.0,0.0,0.0,0.0,0.0,0.0,0.16666666666666666,0.0,0.09333333333333334,0.0,0.0,0.0,0.10666666666666667,0.0,0.0,0.0,0.0,0.0,0.0,0.0,0.05333333333333334,0.0,0.02,0.0,0.0,0.07333333333333333,0.0,0.1,0.0,0.0,0.0,0.0,0.0,0.0,0.0,0.0,0.0,0.0,0.013333333333333334,0.0,0.0,0.0,0.0,0.0,0.0,0.06,0.0,0.0,0.0,0.0,0.0,0.12666666666666668,0.0,0.0,0.08,0.0,0.0,0.0,0.0,0.0,0.0,0.0,0.0,0.0,0.0,0.0,0.0,0.10666666666666667,0.0,0.0,0.0,0.0,0.0,0.0
3_1,0.0,0.1,0.0,0.0,0.013333333333333334,0.0,0.0,0.0,0.0,0.006666666666666667,0.0,0.013333333333333334,0.0,0.16,0.0,0.0,0.0,0.0,0.0,0.0,0.013333333333333334,0.0,0.0,0.0,0.0,0.0,0.006666666666666667,0.0,0.0,0.0,0.0,0.0,0.0,0.06666666666666667,0.0,0.0,0.0,0.0,0.0,0.09333333333333334,0.0,0.0,0.02,0.0,0.0,0.0,0.0,0.0,0.0,0.0,0.0,0.1,0.07333333333333333,0.06,0.0,0.02,0.07333333333333333,0.08666666666666667,0.0,0.0,0.0,0.0,0.0,0.0,0.0,0.0,0.07333333333333333,0.0,0.0,0.0,0.02,0.0,0.0,0.0,0.0
3_10,0.09333333333333334,0.0,0.0,0.0,0.10666666666666667,0.0,0.0,0.0,0.0,0.0,0.0,0.0,0.0,0.0,0.0,0.0,0.0,0.0,0.0,0.04,0.0,0.0,0.0,0.0,0.08666666666666667,0.0,0.07333333333333333,0.18,0.0,0.0,0.0,0.08666666666666667,0.0,0.0,0.0,0.0,0.0,0.0,0.0,0.0,0.0,0.0,0.06,0.0,0.0,0.0,0.0,0.0,0.0,0.0,0.0,0.0,0.0,0.0,0.02,0.0,0.0,0.04,0.0,0.0,0.0,0.0,0.0,0.0,0.0,0.0,0.0,0.0,0.0,0.07333333333333333,0.0,0.07333333333333333,0.0,0.0,0.06666666666666667
3_2,0.0,0.0,0.0,0.0,0.18666666666666668,0.0,0.0,0.0,0.0,0.0,0.0,0.0,0.0,0.0,0.0,0.0,0.0,0.0,0.0,0.08666666666666667,0.0,0.0,0.0,0.14666666666666667,0.0,0.0,0.0,0.0,0.0,0.013333333333333334,0.05333333333333334,0.0,0.11333333333333333,0.0,0.0,0.0,0.0,0.0,0.0,0.0,0.0,0.09333333333333334,0.0,0.03333333333333333,0.0,0.0,0.0,0.0,0.0,0.0,0.0,0.02,0.0,0.04,0.0,0.0,0.006666666666666667,0.08,0.0,0.0,0.0,0.0,0.0,0.0,0.0,0.0,0.0,0.0,0.03333333333333333,0.0,0.0,0.0,0.0,0.0,0.09333333333333334
3_3,0.0,0.0,0.0,0.0,0.0,0.0,0.0,0.0,0.0,0.0,0.0,0.08666666666666667,0.06666666666666667,0.02666666666666667,0.0,0.02666666666666667,0.0,0.0,0.0,0.0,0.08666666666666667,0.0,0.0,0.09333333333333334,0.0,0.0,0.0,0.21333333333333335,0.05333333333333334,0.0,0.0,0.0,0.0,0.0,0.0,0.0,0.0,0.0,0.0,0.0,0.0,0.0,0.19333333333333333,0.0,0.0,0.0,0.0,0.0,0.0,0.0,0.0,0.0,0.0,0.0,0.0,0.04,0.0,0.0,0.0,0.0,0.0,0.0,0.0,0.0,0.0,0.0,0.013333333333333334,0.0,0.1,0.0,0.0,0.0,0.0,0.0,0.0
3_4,0.05333333333333334,0.16666666666666666,0.0,0.0,0.16666666666666666,0.013333333333333334,0.0,0.0,0.04,0.006666666666666667,0.0,0.06666666666666667,0.0,0.02666666666666667,0.0,0.0,0.0,0.0,0.04666666666666667,0.0,0.0,0.0,0.0,0.0,0.12,0.0,0.0,0.0,0.0,0.0,0.0,0.0,0.0,0.0,0.0,0.0,0.0,0.0,0.0,0.0,0.0,0.0,0.0,0.07333333333333333,0.0,0.0,0.0,0.0,0.0,0.0,0.0,0.0,0.0,0.0,0.0,0.14,0.0,0.0,0.0,0.0,0.0,0.0,0.0,0.0,0.0,0.0,0.0,0.0,0.08,0.0,0.0,0.0,0.0,0.0,0.0
3_5,0.0,0.006666666666666667,0.0,0.0,0.16666666666666666,0.0,0.0,0.0,0.0,0.013333333333333334,0.0,0.0,0.0,0.08666666666666667,0.0,0.0,0.0,0.0,0.0,0.0,0.0,0.08666666666666667,0.06666666666666667,0.0,0.0,0.0,0.0,0.14666666666666667,0.09333333333333334,0.0,0.0,0.0,0.0,0.09333333333333334,0.0,0.0,0.0,0.0,0.07333333333333333,0.0,0.0,0.0,0.0,0.04,0.0,0.0,0.08,0.0,0.0,0.0,0.03333333333333333,0.0,0.0,0.0,0.0,0.006666666666666667,0.0,0.0,0.0,0.0,0.0,0.0,0.0,0.0,0.0,0.0,0.0,0.0,0.0,0.0,0.0,0.0,0.0,0.0,0.006666666666666667
3_6,0.0,0.0,0.0,0.0,0.06,0.0,0.10666666666666667,0.0,0.08,0.0,0.0,0.0,0.0,0.006666666666666667,0.0,0.0,0.0,0.0,0.0,0.0,0.0,0.0,0.0,0.0,0.16666666666666666,0.0,0.0,0.006666666666666667,0.04666666666666667,0.0,0.006666666666666667,0.14666666666666667,0.0,0.0,0.08666666666666667,0.0,0.0,0.0,0.0,0.0,0.0,0.0,0.0,0.16666666666666666,0.0,0.0,0.02,0.0,0.0,0.0,0.0,0.0,0.0,0.0,0.0,0.02666666666666667,0.07333333333333333,0.0,0.0,0.0,0.0,0.0,0.0,0.0,0.0,0.0,0.0,0.0,0.0,0.0,0.0,0.0,0.0,0.0,0.0
3_7,0.0,0.0,0.0,0.0,0.0,0.0,0.0,0.05333333333333334,0.0,0.0,0.0,0.0,0.0,0.0,0.0,0.09333333333333334,0.0,0.0,0.0,0.0,0.0,0.0,0.0,0.06666666666666667,0.0,0.0,0.0,0.03333333333333333,0.05333333333333334,0.0,0.0,0.0,0.0,0.0,0.08666666666666667,0.0,0.0,0.0,0.0,0.08,0.04666666666666667,0.0,0.0,0.0,0.0,0.0,0.0,0.0,0.16666666666666666,0.0,0.0,0.02666666666666667,0.09333333333333334,0.0,0.0,0.0,0.02,0.17333333333333334,0.0,0.0,0.0,0.0,0.0,0.0,0.0,0.0,0.0,0.0,0.0,0.0,0.0,0.0,0.0,0.0,0.006666666666666667
3_8,0.0,0.0,0.0,0.0,0.06666666666666667,0.0,0.0,0.0,0.08,0.0,0.08666666666666667,0.0,0.0,0.0,0.0,0.0,0.0,0.0,0.0,0.0,0.06,0.0,0.0,0.08,0.03333333333333333,0.0,0.05333333333333334,0.07333333333333333,0.0,0.02,0.06666666666666667,0.0,0.0,0.0,0.0,0.0,0.0,0.0,0.0,0.0,0.0,0.0,0.0,0.08666666666666667,0.0,0.0,0.0,0.0,0.0,0.0,0.0,0.0,0.06,0.0,0.0,0.12666666666666668,0.08666666666666667,0.0,0.0,0.0,0.0,0.02,0.0,0.0,0.0,0.0,0.0,0.0,0.0,0.0,0.0,0.0,0.0,0.0,0.0
3_9,0.0,0.0,0.10666666666666667,0.0,0.06,0.0,0.0,0.0,0.0,0.0,0.0,0.11333333333333333,0.0,0.0,0.0,0.02,0.0,0.0,0.0,0.0,0.0,0.0,0.09333333333333334,0.0,0.0,0.0,0.07333333333333333,0.0,0.0,0.0,0.013333333333333334,0.0,0.0,0.0,0.0,0.0,0.0,0.0,0.0,0.0,0.0,0.0,0.0,0.0,0.14666666666666667,0.006666666666666667,0.02666666666666667,0.0,0.0,0.0,0.0,0.0,0.0,0.0,0.13333333333333333,0.0,0.0,0.16666666666666666,0.0,0.0,0.0,0.0,0.0,0.0,0.0,0.0,0.0,0.0,0.0,0.0,0.0,0.0,0.04,0.0,0.0
4_-1,0.0,0.08,0.09333333333333334,0.0,0.0,0.0,0.0,0.0,0.0,0.0,0.0,0.0,0.013333333333333334,0.0,0.0,0.0,0.0,0.0,0.02,0.0,0.0,0.0,0.0,0.0,0.03333333333333333,0.0,0.08666666666666667,0.0,0.0,0.0,0.0,0.09333333333333334,0.0,0.0,0.0,0.0,0.0,0.0,0.006666666666666667,0.0,0.04666666666666667,0.0,0.08,0.08666666666666667,0.0,0.0,0.0,0.0,0.013333333333333334,0.0,0.06666666666666667,0.0,0.0,0.0,0.0,0.04666666666666667,0.09333333333333334,0.0,0.0,0.0,0.0,0.0,0.0,0.0,0.0,0.0,0.0,0.0,0.0,0.06,0.0,0.0,0.0,0.006666666666666667,0.07333333333333333
4_-2,0.0,0.0,0.0,0.09333333333333334,0.0,0.0,0.0,0.0,0.0,0.0,0.0,0.0,0.09333333333333334,0.0,0.0,0.0,0.0,0.08,0.06666666666666667,0.0,0.0,0.0,0.0,0.0,0.0,0.0,0.0,0.0,0.0,0.0,0.0,0.0,0.0,0.07333333333333333,0.0,0.006666666666666667,0.0,0.04666666666666667,0.0,0.0,0.0,0.0,0.07333333333333333,0.1,0.0,0.0,0.0,0.0,0.0,0.0,0.0,0.0,0.0,0.013333333333333334,0.0,0.16666666666666666,0.0,0.0,0.0,0.0,0.0,0.0,0.0,0.02666666666666667,0.0,0.0,0.0,0.0,0.16,0.0,0.0,0.0,0.0,0.0,0.0
4_-3,0.0,0.0,0.0,0.12,0.0,0.0,0.0,0.16666666666666666,0.0,0.08666666666666667,0.0,0.0,0.06666666666666667,0.0,0.0,0.0,0.0,0.0,0.0,0.0,0.0,0.0,0.0,0.0,0.0,0.0,0.0,0.0,0.0,0.0,0.0,0.0,0.0,0.0,0.0,0.0,0.0,0.07333333333333333,0.11333333333333333,0.0,0.0,0.0,0.0,0.0,0.0,0.0,0.0,0.0,0.0,0.0,0.0,0.0,0.0,0.0,0.0,0.0,0.0,0.18,0.0,0.0,0.0,0.013333333333333334,0.0,0.0,0.08,0.0,0.0,0.0,0.0,0.0,0.0,0.0,0.0,0.1,0.0
4_-4,0.0,0.0,0.0,0.0,0.0,0.0,0.0,0.0,0.0,0.0,0.0,0.0,0.0,0.0,0.0,0.0,0.0,0.0,0.0,0.0,0.0,0.0,0.0,0.0,0.0,0.0,0.0,0.0,0.0,0.0,0.0,0.0,0.0,0.0,0.0,0.0,0.0,0.0,0.0,0.0,0.0,0.0,0.0,0.0,0.0,0.0,0.0,0.0,0.0,0.0,0.0,0.0,0.0,0.0,0.0,0.0,0.0,0.0,0.0,0.0,0.0,0.0,0.0,0.0,0.0,0.0,0.0,0.0,0.0,0.0,0.0,0.0,0.0,0.0,0.0
4_0,0.0,0.0,0.22666666666666666,0.0,0.0,0.05333333333333334,0.0,0.08666666666666667,0.0,0.0,0.013333333333333334,0.0,0.11333333333333333,0.12666666666666668,0.0,0.0,0.0,0.0,0.0,0.0,0.0,0.0,0.0,0.0,0.0,0.0,0.0,0.05333333333333334,0.0,0.0,0.0,0.0,0.0,0.0,0.0,0.0,0.0,0.0,0.0,0.05333333333333334,0.0,0.0,0.0,0.0,0.0,0.0,0.0,0.0,0.0,0.0,0.0,0.0,0.0,0.09333333333333334,0.0,0.0,0.0,0.02,0.0,0.02,0.0,0.0,0.0,0.0,0.0,0.0,0.0,0.09333333333333334,0.0,0.02,0.0,0.0,0.0,0.02666666666666667,0.0
4_1,0.006666666666666667,0.0,0.0,0.04666666666666667,0.08666666666666667,0.0,0.0,0.06666666666666667,0.0,0.0,0.06666666666666667,0.0,0.0,0.03333333333333333,0.03333333333333333,0.0,0.013333333333333334,0.0,0.0,0.0,0.0,0.0,0.0,0.0,0.0,0.02,0.0,0.0,0.12666666666666668,0.0,0.0,0.0,0.0,0.0,0.03333333333333333,0.0,0.0,0.0,0.0,0.06,0.0,0.0,0.0,0.0,0.0,0.0,0.0,0.0,0.0,0.0,0.03333333333333333,0.0,0.14,0.0,0.0,0.0,0.0,0.0,0.1,0.0,0.0,0.0,0.0,0.05333333333333334,0.0,0.0,0.0,0.0,0.08,0.0,0.0,0.0,0.0,0.0,0.0
4_10,0.0,0.0,0.0,0.0,0.0,0.0,0.0,0.03333333333333333,0.0,0.0,0.0,0.0,0.10666666666666667,0.0,0.09333333333333334,0.0,0.0,0.0,0.02666666666666667,0.0,0.0,0.0,0.0,0.0,0.013333333333333334,0.22666666666666666,0.006666666666666667,0.0,0.0,0.0,0.0,0.0,0.0,0.0,0.0,0.0,0.0,0.0,0.0,0.0,0.0,0.0,0.0,0.0,0.0,0.0,0.03333333333333333,0.1,0.04666666666666667,0.08666666666666667,0.0,0.0,0.0,0.0,0.1,0.1,0.0,0.0,0.02666666666666667,0.0,0.0,0.0,0.0,0.0,0.0,0.0,0.0,0.0,0.0,0.0,0.0,0.0,0.0,0.0,0.0
4_2,0.0,0.0,0.0,0.1,0.10666666666666667,0.0,0.11333333333333333,0.0,0.02,0.0,0.02,0.04,0.0,0.0,0.0,0.09333333333333334,0.0,0.0,0.0,0.0,0.013333333333333334,0.0,0.0,0.0,0.05333333333333334,0.0,0.0,0.0,0.06666666666666667,0.0,0.0,0.03333333333333333,0.0,0.0,0.0,0.0,0.0,0.0,0.0,0.07333333333333333,0.0,0.0,0.04,0.0,0.0,0.0,0.0,0.0,0.0,0.0,0.0,0.0,0.09333333333333334,0.0,0.0,0.0,0.08666666666666667,0.0,0.0,0.0,0.0,0.0,0.013333333333333334,0.03333333333333333,0.0,0.0,0.0,0.0,0.0,0.0,0.0,0.0,0.0,0.0,0.0
4_3,0.0,0.0,0.0,0.06666666666666667,0.013333333333333334,0.0,0.0,0.14666666666666667,0.0,0.02,0.0,0.0,0.0,0.0,0.06,0.0,0.0,0.0,0.0,0.0,0.0,0.0,0.0,0.0,0.0,0.04,0.0,0.11333333333333333,0.0,0.0,0.0,0.0,0.10666666666666667,0.0,0.04,0.0,0.0,0.0,0.0,0.0,0.0,0.0,0.25333333333333335,0.0,0.0,0.0,0.0,0.0,0.0,0.0,0.0,0.0,0.0,0.0,0.013333333333333334,0.0,0.0,0.0,0.0,0.0,0.0,0.0,0.09333333333333334,0.0,0.0,0.0,0.0,0.0,0.0,0.0,0.0,0.0,0.0,0.0,0.03333333333333333
4_4,0.0,0.0,0.0,0.0,0.08,0.0,0.0,0.09333333333333334,0.0,0.1,0.0,0.0,0.0,0.0,0.0,0.0,0.0,0.0,0.0,0.10666666666666667,0.06666666666666667,0.0,0.0,0.0,0.0,0.14,0.0,0.04,0.02666666666666667,0.0,0.0,0.08666666666666667,0.0,0.0,0.04666666666666667,0.0,0.0,0.0,0.08666666666666667,0.0,0.0,0.0,0.08666666666666667,0.0,0.0,0.0,0.0,0.006666666666666667,0.0,0.0,0.0,0.0,0.0,0.0,0.0,0.03333333333333333,0.0,0.0,0.0,0.0,0.0,0.0,0.0,0.0,0.0,0.0,0.0,0.0,0.0,0.0,0.0,0.0,0.0,0.0,0.0
4_5,0.0,0.0,0.08666666666666667,0.0,0.09333333333333334,0.02666666666666667,0.0,0.05333333333333334,0.0,0.0,0.08,0.0,0.0,0.0,0.0,0.0,0.0,0.0,0.0,0.06666666666666667,0.0,0.0,0.08666666666666667,0.0,0.0,0.0,0.0,0.0,0.0,0.06666666666666667,0.0,0.0,0.0,0.0,0.02,0.08,0.0,0.0,0.013333333333333334,0.0,0.0,0.0,0.0,0.08666666666666667,0.0,0.0,0.0,0.0,0.0,0.0,0.0,0.0,0.0,0.03333333333333333,0.0,0.0,0.16666666666666666,0.0,0.0,0.0,0.0,0.0,0.0,0.0,0.0,0.0,0.0,0.0,0.0,0.04,0.0,0.0,0.0,0.0,0.0
4_6,0.0,0.0,0.0,0.14,0.0,0.0,0.16,0.0,0.0,0.1,0.0,0.0,0.06666666666666667,0.0,0.08666666666666667,0.0,0.0,0.0,0.0,0.0,0.0,0.0,0.0,0.0,0.0,0.0,0.0,0.0,0.0,0.0,0.0,0.0,0.0,0.0,0.0,0.0,0.0,0.0,0.0,0.0,0.0,0.0,0.0,0.0,0.0,0.0,0.0,0.0,0.0,0.02666666666666667,0.0,0.0,0.0,0.013333333333333334,0.08666666666666667,0.0,0.0,0.0,0.0,0.0,0.0,0.0,0.08,0.0,0.08666666666666667,0.0,0.0,0.0,0.0,0.08666666666666667,0.0,0.06666666666666667,0.0,0.0,0.0
4_7,0.013333333333333334,0.0,0.0,0.0,0.02666666666666667,0.0,0.0,0.0,0.0,0.0,0.0,0.0,0.0,0.0,0.0,0.0,0.0,0.0,0.006666666666666667,0.0,0.0,0.0,0.06666666666666667,0.0,0.0,0.02,0.02,0.0,0.02,0.0,0.09333333333333334,0.0,0.0,0.0,0.0,0.0,0.0,0.0,0.0,0.0,0.0,0.0,0.0,0.0,0.0,0.0,0.0,0.0,0.0,0.0,0.0,0.0,0.13333333333333333,0.03333333333333333,0.03333333333333333,0.0,0.23333333333333334,0.006666666666666667,0.09333333333333334,0.0,0.0,0.0,0.0,0.0,0.0,0.03333333333333333,0.14666666666666667,0.0,0.02,0.0,0.0,0.0,0.0,0.0,0.0
4_8,0.0,0.0,0.0,0.0,0.08666666666666667,0.0,0.0,0.02,0.0,0.05333333333333334,0.0,0.0,0.0,0.0,0.0,0.0,0.0,0.0,0.0,0.0,0.0,0.0,0.0,0.05333333333333334,0.0,0.06666666666666667,0.0,0.0,0.06666666666666667,0.0,0.0,0.0,0.0,0.0,0.0,0.0,0.0,0.0,0.0,0.0,0.0,0.0,0.08,0.06666666666666667,0.0,0.0,0.1,0.0,0.0,0.0,0.0,0.0,0.0,0.0,0.06,0.0,0.0,0.0,0.0,0.03333333333333333,0.0,0.0,0.0,0.06666666666666667,0.0,0.0,0.08,0.13333333333333333,0.0,0.0,0.0,0.0,0.0,0.03333333333333333,0.0
4_9,0.06,0.0,0.0,0.06666666666666667,0.0,0.0,0.0,0.08666666666666667,0.0,0.0,0.0,0.0,0.08666666666666667,0.0,0.06,0.0,0.0,0.0,0.0,0.0,0.05333333333333334,0.0,0.0,0.02666666666666667,0.0,0.0,0.0,0.0,0.0,0.0,0.10666666666666667,0.0,0.0,0.0,0.0,0.0,0.0,0.0,0.0,0.0,0.0,0.0,0.0,0.0,0.02,0.0,0.0,0.0,0.0,0.0,0.02,0.0,0.14666666666666667,0.0,0.0,0.0,0.0,0.0,0.0,0.0,0.0,0.0,0.0,0.0,0.0,0.0,0.11333333333333333,0.0,0.0,0.0,0.0,0.0,0.05333333333333334,0.09333333333333334,0.006666666666666667
