held_out,model,sigma_dbm,repeat,n_test,cell_accuracy,mean_error_m,p90_error_m
exp1_back_right,knn,0.0,0,1875,0.013866666666666666,1.3675471511672432,2.5
exp1_back_right,rf,0.0,0,1875,0.0208,1.337580219381465,2.5179356624028344
exp1_back_right,nn_lknn,0.0,0,1875,0.005333333333333333,1.384070902575788,2.5179356624028344
exp1_back_right,knn,0.0,1,1875,0.013866666666666666,1.3675471511672432,2.5
exp1_back_right,rf,0.0,1,1875,0.0208,1.337580219381465,2.5179356624028344
exp1_back_right,nn_lknn,0.0,1,1875,0.005333333333333333,1.384070902575788,2.5179356624028344
exp1_back_right,knn,0.0,2,1875,0.013866666666666666,1.3675471511672432,2.5
exp1_back_right,rf,0.0,2,1875,0.0208,1.337580219381465,2.5179356624028344
exp1_back_right,nn_lknn,0.0,2,1875,0.005333333333333333,1.384070902575788,2.5179356624028344
exp1_back_right,knn,0.0,3,1875,0.013866666666666666,1.3675471511672432,2.5
exp1_back_right,rf,0.0,3,1875,0.0208,1.337580219381465,2.5179356624028344
exp1_back_right,nn_lknn,0.0,3,1875,0.005333333333333333,1.384070902575788,2.5179356624028344
exp1_back_right,knn,0.0,4,1875,0.013866666666666666,1.3675471511672432,2.5
exp1_back_right,rf,0.0,4,1875,0.0208,1.337580219381465,2.5179356624028344
exp1_back_right,nn_lknn,0.0,4,1875,0.005333333333333333,1.384070902575788,2.5179356624028344
exp1_back_right,knn,0.0,5,1875,0.013866666666666666,1.3675471511672432,2.5
exp1_back_right,rf,0.0,5,1875,0.0208,1.337580219381465,2.5179356624028344
exp1_back_right,nn_lknn,0.0,5,1875,0.005333333333333333,1.384070902575788,2.5179356624028344
exp1_back_right,knn,0.0,6,1875,0.013866666666666666,1.3675471511672432,2.5
exp1_back_right,rf,0.0,6,1875,0.0208,1.337580219381465,2.5179356624028344
exp1_back_right,nn_lknn,0.0,6,1875,0.005333333333333333,1.384070902575788,2.5179356624028344
exp1_back_right,knn,0.0,7,1875,0.013866666666666666,1.3675471511672432,2.5
exp1_back_right,rf,0.0,7,1875,0.0208,1.337580219381465,2.5179356624028344
exp1_back_right,nn_lknn,0.0,7,1875,0.005333333333333333,1.384070902575788,2.5179356624028344
exp1_back_right,knn,0.0,8,1875,0.013866666666666666,1.3675471511672432,2.5
exp1_back_right,rf,0.0,8,1875,0.0208,1.337580219381465,2.5179356624028344
exp1_back_right,nn_lknn,0.0,8,1875,0.005333333333333333,1.384070902575788,2.5179356624028344
exp1_back_right,knn,0.0,9,1875,0.013866666666666666,1.3675471511672432,2.5
exp1_back_right,rf,0.0,9,1875,0.0208,1.337580219381465,2.5179356624028344
exp1_back_right,nn_lknn,0.0,9,1875,0.005333333333333333,1.384070902575788,2.5179356624028344
exp1_back_right,knn,1.0,0,1875,0.013333333333333334,1.3990344232418448,2.5179356624028344
exp1_back_right,rf,1.0,0,1875,0.013866666666666666,1.422919211564078,2.55
exp1_back_right,nn_lknn,1.0,0,1875,0.010133333333333333,1.3301944818059421,2.5179356624028344
exp1_back_right,knn,1.0,1,1875,0.0128,1.4080232747073993,2.5179356624028344
exp1_back_right,rf,1.0,1,1875,0.013333333333333334,1.419626245936247,2.570992026436488
exp1_back_right,nn_lknn,1.0,1,1875,0.012266666666666667,1.420641440237029,2.5179356624028344
exp1_back_right,knn,1.0,2,1875,0.0128,1.4094897988479556,2.5179356624028344
exp1_back_right,rf,1.0,2,1875,0.013866666666666666,1.4083029696993534,2.570992026436488
exp1_back_right,nn_lknn,1.0,2,1875,0.0112,1.4067525037773827,2.5625952158618954
exp1_back_right,knn,1.0,3,1875,0.013866666666666666,1.3874796123505562,2.5179356624028344
exp1_back_right,rf,1.0,3,1875,0.013866666666666666,1.4005058712204297,2.5179356624028344
exp1_back_right,nn_lknn,1.0,3,1875,0.0096,1.3876059823044062,2.570992026436488
exp1_back_right,knn,1.0,4,1875,0.012266666666666667,1.4144658289822951,2.55
exp1_back_right,rf,1.0,4,1875,0.017066666666666667,1.4021984667597542,2.5179356624028344
exp1_back_right,nn_lknn,1.0,4,1875,0.0128,1.371451400948995,2.5179356624028344
exp1_back_right,knn,1.0,5,1875,0.016,1.419974525516851,2.55
exp1_back_right,rf,1.0,5,1875,0.018666666666666668,1.4044012634911613,2.5179356624028344
exp1_back_right,nn_lknn,1.0,5,1875,0.0128,1.3887436171785972,2.5179356624028344
exp1_back_right,knn,1.0,6,1875,0.013333333333333334,1.4303744739104578,2.55
exp1_back_right,rf,1.0,6,1875,0.016,1.427865548187769,2.5625952158618954
exp1_back_right,nn_lknn,1.0,6,1875,0.0144,1.3578683338360247,2.5179356624028344
exp1_back_right,knn,1.0,7,1875,0.009066666666666667,1.4132012281801414,2.5179356624028344
exp1_back_right,rf,1.0,7,1875,0.0112,1.4181140085634123,2.5179356624028344
exp1_back_right,nn_lknn,1.0,7,1875,0.016,1.4068222791243392,2.570992026436488
exp1_back_right,knn,1.0,8,1875,0.013866666666666666,1.397230265779269,2.5179356624028344
exp1_back_right,rf,1.0,8,1875,0.018133333333333335,1.4179722981189862,2.537174264961138
exp1_back_right,nn_lknn,1.0,8,1875,0.010133333333333333,1.4232402040125818,2.55
exp1_back_right,knn,1.0,9,1875,0.018666666666666668,1.4003953557750917,2.5179356624028344
exp1_back_right,rf,1.0,9,1875,0.013866666666666666,1.4275343928514994,2.570992026436488
exp1_back_right,nn_lknn,1.0,9,1875,0.013333333333333334,1.3993828196608438,2.570992026436488
exp1_back_right,knn,2.0,0,1875,0.012266666666666667,1.3823790149835302,2.5179356624028344
exp1_back_right,rf,2.0,0,1875,0.0096,1.391830728633365,2.55
exp1_back_right,nn_lknn,2.0,0,1875,0.0112,1.3909481357292577,2.570992026436488
exp1_back_right,knn,2.0,1,1875,0.015466666666666667,1.3765401256540328,2.55
exp1_back_right,rf,2.0,1,1875,0.016,1.3729888629559415,2.570992026436488
exp1_back_right,nn_lknn,2.0,1,1875,0.010666666666666666,1.4012485355411866,2.570992026436488
exp1_back_right,knn,2.0,2,1875,0.013866666666666666,1.367034927804222,2.5179356624028344
exp1_back_right,rf,2.0,2,1875,0.013866666666666666,1.3711097536891084,2.55
exp1_back_right,nn_lknn,2.0,2,1875,0.011733333333333333,1.389655773952836,2.537174264961138
exp1_back_right,knn,2.0,3,1875,0.014933333333333333,1.375637273925159,2.570992026436488
exp1_back_right,rf,2.0,3,1875,0.013333333333333334,1.402587884967453,2.570992026436488
exp1_back_right,nn_lknn,2.0,3,1875,0.016,1.4062292454729448,2.6570660511172846
exp1_back_right,knn,2.0,4,1875,0.009066666666666667,1.417928227633722,2.570992026436488
exp1_back_right,rf,2.0,4,1875,0.0128,1.41820108567944,2.570992026436488
exp1_back_right,nn_lknn,2.0,4,1875,0.010666666666666666,1.3885213200186854,2.570992026436488
exp1_back_right,knn,2.0,5,1875,0.016,1.3750592645405364,2.570992026436488
exp1_back_right,rf,2.0,5,1875,0.015466666666666667,1.3789373184143694,2.622636441244978
exp1_back_right,nn_lknn,2.0,5,1875,0.009066666666666667,1.4205954540032122,2.6570660511172846
exp1_back_right,knn,2.0,6,1875,0.012266666666666667,1.4184443933300537,2.570992026436488
exp1_back_right,rf,2.0,6,1875,0.0128,1.4247266498901547,2.570992026436488
exp1_back_right,nn_lknn,2.0,6,1875,0.010133333333333333,1.3911739847972227,2.570992026436488
exp1_back_right,knn,2.0,7,1875,0.0176,1.3968974164023733,2.570992026436488
exp1_back_right,rf,2.0,7,1875,0.012266666666666667,1.4257078074050369,2.570992026436488
exp1_back_right,nn_lknn,2.0,7,1875,0.008,1.3756742478940878,2.5179356624028344
exp1_back_right,knn,2.0,8,1875,0.0112,1.3699476577212295,2.537174264961138
exp1_back_right,rf,2.0,8,1875,0.014933333333333333,1.3685447598558957,2.5179356624028344
exp1_back_right,nn_lknn,2.0,8,1875,0.0112,1.3809201341768111,2.55
exp1_back_right,knn,2.0,9,1875,0.0144,1.409124327675188,2.570992026436488
exp1_back_right,rf,2.0,9,1875,0.015466666666666667,1.4027977962769438,2.570992026436488
exp1_back_right,nn_lknn,2.0,9,1875,0.0112,1.3982576546543313,2.570992026436488
exp1_back_right,knn,3.0,0,1875,0.0128,1.3620140724416392,2.5179356624028344
exp1_back_right,rf,3.0,0,1875,0.013333333333333334,1.391310092428614,2.55
exp1_back_right,nn_lknn,3.0,0,1875,0.010133333333333333,1.3783383232099404,2.5179356624028344
exp1_back_right,knn,3.0,1,1875,0.014933333333333333,1.369558222953837,2.55
exp1_back_right,rf,3.0,1,1875,0.0128,1.3749511480573409,2.55
exp1_back_right,nn_lknn,3.0,1,1875,0.013866666666666666,1.368140301891121,2.537174264961138
exp1_back_right,knn,3.0,2,1875,0.010133333333333333,1.442274228426399,2.75
exp1_back_right,rf,3.0,2,1875,0.013333333333333334,1.3775754625234946,2.570992026436488
exp1_back_right,nn_lknn,3.0,2,1875,0.011733333333333333,1.4064883377851545,2.570992026436488
exp1_back_right,knn,3.0,3,1875,0.0128,1.395085654714495,2.570992026436488
exp1_back_right,rf,3.0,3,1875,0.016,1.376279666724755,2.570992026436488
exp1_back_right,nn_lknn,3.0,3,1875,0.014933333333333333,1.4041505881329899,2.570992026436488
exp1_back_right,knn,3.0,4,1875,0.013333333333333334,1.406999306205534,2.570992026436488
exp1_back_right,rf,3.0,4,1875,0.0224,1.3884486645993117,2.570992026436488
exp1_back_right,nn_lknn,3.0,4,1875,0.009066666666666667,1.3944986080897679,2.570992026436488
exp1_back_right,knn,3.0,5,1875,0.014933333333333333,1.3912395543746394,2.570992026436488
exp1_back_right,rf,3.0,5,1875,0.012266666666666667,1.368081548036319,2.5179356624028344
exp1_back_right,nn_lknn,3.0,5,1875,0.014933333333333333,1.3783609095127352,2.570992026436488
exp1_back_right,knn,3.0,6,1875,0.0112,1.4037061136742455,2.570992026436488
exp1_back_right,rf,3.0,6,1875,0.017066666666666667,1.3855626203479527,2.570992026436488
exp1_back_right,nn_lknn,3.0,6,1875,0.010133333333333333,1.398270479959773,2.570992026436488
exp1_back_right,knn,3.0,7,1875,0.011733333333333333,1.3736298673744398,2.537174264961138
exp1_back_right,rf,3.0,7,1875,0.010133333333333333,1.3720867733278994,2.5179356624028344
exp1_back_right,nn_lknn,3.0,7,1875,0.011733333333333333,1.3979295581652085,2.570992026436488
exp1_back_right,knn,3.0,8,1875,0.017066666666666667,1.382574164442709,2.570992026436488
exp1_back_right,rf,3.0,8,1875,0.013333333333333334,1.3896783101769097,2.570992026436488
exp1_back_right,nn_lknn,3.0,8,1875,0.0128,1.3857764611449668,2.570992026436488
exp1_back_right,knn,3.0,9,1875,0.0144,1.3924516141781274,2.570992026436488
exp1_back_right,rf,3.0,9,1875,0.017066666666666667,1.365253321620144,2.570992026436488
exp1_back_right,nn_lknn,3.0,9,1875,0.013866666666666666,1.3956591126858602,2.6570660511172846
exp2_front_right,knn,0.0,0,1875,0.0272,1.3547883614728717,2.5179356624028344
exp2_front_right,rf,0.0,0,1875,0.03573333333333333,1.3415120201816313,2.5179356624028344
exp2_front_right,nn_lknn,0.0,0,1875,0.03306666666666667,1.331307037179545,2.5179356624028344
exp2_front_right,knn,0.0,1,1875,0.0272,1.3547883614728717,2.5179356624028344
exp2_front_right,rf,0.0,1,1875,0.03573333333333333,1.3415120201816313,2.5179356624028344
exp2_front_right,nn_lknn,0.0,1,1875,0.03306666666666667,1.331307037179545,2.5179356624028344
exp2_front_right,knn,0.0,2,1875,0.0272,1.3547883614728717,2.5179356624028344
exp2_front_right,rf,0.0,2,1875,0.03573333333333333,1.3415120201816313,2.5179356624028344
exp2_front_right,nn_lknn,0.0,2,1875,0.03306666666666667,1.331307037179545,2.5179356624028344
exp2_front_right,knn,0.0,3,1875,0.0272,1.3547883614728717,2.5179356624028344
exp2_front_right,rf,0.0,3,1875,0.03573333333333333,1.3415120201816313,2.5179356624028344
exp2_front_right,nn_lknn,0.0,3,1875,0.03306666666666667,1.331307037179545,2.5179356624028344
exp2_front_right,knn,0.0,4,1875,0.0272,1.3547883614728717,2.5179356624028344
exp2_front_right,rf,0.0,4,1875,0.03573333333333333,1.3415120201816313,2.5179356624028344
exp2_front_right,nn_lknn,0.0,4,1875,0.03306666666666667,1.331307037179545,2.5179356624028344
exp2_front_right,knn,0.0,5,1875,0.0272,1.3547883614728717,2.5179356624028344
exp2_front_right,rf,0.0,5,1875,0.03573333333333333,1.3415120201816313,2.5179356624028344
exp2_front_right,nn_lknn,0.0,5,1875,0.03306666666666667,1.331307037179545,2.5179356624028344
exp2_front_right,knn,0.0,6,1875,0.0272,1.3547883614728717,2.5179356624028344
exp2_front_right,rf,0.0,6,1875,0.03573333333333333,1.3415120201816313,2.5179356624028344
exp2_front_right,nn_lknn,0.0,6,1875,0.03306666666666667,1.331307037179545,2.5179356624028344
exp2_front_right,knn,0.0,7,1875,0.0272,1.3547883614728717,2.5179356624028344
exp2_front_right,rf,0.0,7,1875,0.03573333333333333,1.3415120201816313,2.5179356624028344
exp2_front_right,nn_lknn,0.0,7,1875,0.03306666666666667,1.331307037179545,2.5179356624028344
exp2_front_right,knn,0.0,8,1875,0.0272,1.3547883614728717,2.5179356624028344
exp2_front_right,rf,0.0,8,1875,0.03573333333333333,1.3415120201816313,2.5179356624028344
exp2_front_right,nn_lknn,0.0,8,1875,0.03306666666666667,1.331307037179545,2.5179356624028344
exp2_front_right,knn,0.0,9,1875,0.0272,1.3547883614728717,2.5179356624028344
exp2_front_right,rf,0.0,9,1875,0.03573333333333333,1.3415120201816313,2.5179356624028344
exp2_front_right,nn_lknn,0.0,9,1875,0.03306666666666667,1.331307037179545,2.5179356624028344
exp2_front_right,knn,1.0,0,1875,0.019733333333333332,1.4104483497275633,2.570992026436488
exp2_front_right,rf,1.0,0,1875,0.018133333333333335,1.391338511244692,2.5179356624028344
exp2_front_right,nn_lknn,1.0,0,1875,0.014933333333333333,1.3959748465683166,2.570992026436488
exp2_front_right,knn,1.0,1,1875,0.0176,1.422393360619152,2.570992026436488
exp2_front_right,rf,1.0,1,1875,0.024,1.363770404427302,2.5179356624028344
exp2_front_right,nn_lknn,1.0,1,1875,0.010133333333333333,1.358140975441287,2.5179356624028344
exp2_front_right,knn,1.0,2,1875,0.020266666666666665,1.4103660051314757,2.5179356624028344
exp2_front_right,rf,1.0,2,1875,0.0208,1.3678315305985942,2.5179356624028344
exp2_front_right,nn_lknn,1.0,2,1875,0.0128,1.4087355270023252,2.570992026436488
exp2_front_right,knn,1.0,3,1875,0.021866666666666666,1.4114269330592129,2.5625952158618954
exp2_front_right,rf,1.0,3,1875,0.021866666666666666,1.3836392375738762,2.5179356624028344
exp2_front_right,nn_lknn,1.0,3,1875,0.012266666666666667,1.412485988544129,2.570992026436488
exp2_front_right,knn,1.0,4,1875,0.022933333333333333,1.3970665941720464,2.5625952158618954
exp2_front_right,rf,1.0,4,1875,0.0208,1.3706399030027712,2.5179356624028344
exp2_front_right,nn_lknn,1.0,4,1875,0.014933333333333333,1.3579048884645033,2.5179356624028344
exp2_front_right,knn,1.0,5,1875,0.0176,1.4250297625809893,2.570992026436488
exp2_front_right,rf,1.0,5,1875,0.0192,1.3846780069542164,2.570992026436488
exp2_front_right,nn_lknn,1.0,5,1875,0.016,1.3713211484156655,2.5179356624028344
exp2_front_right,knn,1.0,6,1875,0.020266666666666665,1.4044088243985107,2.55
exp2_front_right,rf,1.0,6,1875,0.020266666666666665,1.3603426986460976,2.5179356624028344
exp2_front_right,nn_lknn,1.0,6,1875,0.014933333333333333,1.3683794152515873,2.570992026436488
exp2_front_right,knn,1.0,7,1875,0.0192,1.4277286138017389,2.6570660511172846
exp2_front_right,rf,1.0,7,1875,0.020266666666666665,1.3807188905526593,2.5179356624028344
exp2_front_right,nn_lknn,1.0,7,1875,0.0144,1.3606985233289006,2.55
exp2_front_right,knn,1.0,8,1875,0.021333333333333333,1.3963411186772248,2.570992026436488
exp2_front_right,rf,1.0,8,1875,0.019733333333333332,1.3899868386210765,2.5179356624028344
exp2_front_right,nn_lknn,1.0,8,1875,0.015466666666666667,1.3716075286353275,2.55
exp2_front_right,knn,1.0,9,1875,0.0224,1.4098657861047996,2.570992026436488
exp2_front_right,rf,1.0,9,1875,0.021333333333333333,1.3830063857011745,2.55
exp2_front_right,nn_lknn,1.0,9,1875,0.009066666666666667,1.3605019110701324,2.55
exp2_front_right,knn,2.0,0,1875,0.0144,1.4160411814755527,2.570992026436488
exp2_front_right,rf,2.0,0,1875,0.020266666666666665,1.4107958953069777,2.570992026436488
exp2_front_right,nn_lknn,2.0,0,1875,0.0128,1.469268532872428,2.773084924772409
exp2_front_right,knn,2.0,1,1875,0.0176,1.4239226217690837,2.570992026436488
exp2_front_right,rf,2.0,1,1875,0.02666666666666667,1.3756500608739433,2.5625952158618954
exp2_front_right,nn_lknn,2.0,1,1875,0.012266666666666667,1.4664111913346554,2.766315238724611
exp2_front_right,knn,2.0,2,1875,0.0176,1.3836231861541173,2.537174264961138
exp2_front_right,rf,2.0,2,1875,0.027733333333333332,1.342787896768792,2.5179356624028344
exp2_front_right,nn_lknn,2.0,2,1875,0.0112,1.4315521511308573,2.766315238724611
exp2_front_right,knn,2.0,3,1875,0.018666666666666668,1.3933899080270968,2.570992026436488
exp2_front_right,rf,2.0,3,1875,0.022933333333333333,1.3766067265115944,2.570992026436488
exp2_front_right,nn_lknn,2.0,3,1875,0.0128,1.4644585556782226,2.766315238724611
exp2_front_right,knn,2.0,4,1875,0.0176,1.4053050758461847,2.622636441244978
exp2_front_right,rf,2.0,4,1875,0.018133333333333335,1.3369014772653616,2.5625952158618954
exp2_front_right,nn_lknn,2.0,4,1875,0.012266666666666667,1.4792182654246209,2.766315238724611
exp2_front_right,knn,2.0,5,1875,0.019733333333333332,1.4216601437506615,2.570992026436488
exp2_front_right,rf,2.0,5,1875,0.0176,1.385285572503873,2.570992026436488
exp2_front_right,nn_lknn,2.0,5,1875,0.010133333333333333,1.4779849544960013,2.766315238724611
exp2_front_right,knn,2.0,6,1875,0.019733333333333332,1.4015859538720319,2.570992026436488
exp2_front_right,rf,2.0,6,1875,0.018666666666666668,1.3933825325294784,2.570992026436488
exp2_front_right,nn_lknn,2.0,6,1875,0.015466666666666667,1.431686499251573,2.766315238724611
exp2_front_right,knn,2.0,7,1875,0.0192,1.4268995318001738,2.622636441244978
exp2_front_right,rf,2.0,7,1875,0.0224,1.3962210004821094,2.6570660511172846
exp2_front_right,nn_lknn,2.0,7,1875,0.018133333333333335,1.4648899382958418,2.7980501233134776
exp2_front_right,knn,2.0,8,1875,0.0144,1.4517905904973945,2.6570660511172846
exp2_front_right,rf,2.0,8,1875,0.018133333333333335,1.4196539436941156,2.55
exp2_front_right,nn_lknn,2.0,8,1875,0.0112,1.462622475889231,2.766315238724611
exp2_front_right,knn,2.0,9,1875,0.013866666666666666,1.3967894456500527,2.570992026436488
exp2_front_right,rf,2.0,9,1875,0.017066666666666667,1.4021285648352413,2.6570660511172846
exp2_front_right,nn_lknn,2.0,9,1875,0.0112,1.4842089461842523,2.766315238724611
exp2_front_right,knn,3.0,0,1875,0.015466666666666667,1.4133570375070363,2.6570660511172846
exp2_front_right,rf,3.0,0,1875,0.0144,1.3922322867361163,2.5625952158618954
exp2_front_right,nn_lknn,3.0,0,1875,0.0144,1.5096213212658447,2.8935272592460572
exp2_front_right,knn,3.0,1,1875,0.016,1.4297966234377646,2.6570660511172846
exp2_front_right,rf,3.0,1,1875,0.0128,1.3898423003391167,2.5625952158618954
exp2_front_right,nn_lknn,3.0,1,1875,0.015466666666666667,1.5259894473207285,2.9574109036984373
exp2_front_right,knn,3.0,2,1875,0.013866666666666666,1.418276211153227,2.6570660511172846
exp2_front_right,rf,3.0,2,1875,0.022933333333333333,1.3719870250094415,2.5179356624028344
exp2_front_right,nn_lknn,3.0,2,1875,0.014933333333333333,1.5161323933172544,2.861993791150651
exp2_front_right,knn,3.0,3,1875,0.0144,1.401621804104284,2.570992026436488
exp2_front_right,rf,3.0,3,1875,0.016533333333333334,1.3871777362579694,2.570992026436488
exp2_front_right,nn_lknn,3.0,3,1875,0.014933333333333333,1.4615625808864443,2.814693589007514
exp2_front_right,knn,3.0,4,1875,0.016533333333333334,1.404106905261152,2.570992026436488
exp2_front_right,rf,3.0,4,1875,0.0176,1.3739223190988186,2.5179356624028344
exp2_front_right,nn_lknn,3.0,4,1875,0.016,1.5166979036447161,2.8935272592460572
exp2_front_right,knn,3.0,5,1875,0.0176,1.3711312398059456,2.55
exp2_front_right,rf,3.0,5,1875,0.023466666666666667,1.345605390915797,2.5179356624028344
exp2_front_right,nn_lknn,3.0,5,1875,0.014933333333333333,1.539298282473883,2.814693589007514
exp2_front_right,knn,3.0,6,1875,0.018133333333333335,1.4015524871388465,2.55
exp2_front_right,rf,3.0,6,1875,0.018133333333333335,1.3827530658121652,2.570992026436488
exp2_front_right,nn_lknn,3.0,6,1875,0.015466666666666667,1.527714709344697,3.0
exp2_front_right,knn,3.0,7,1875,0.0144,1.4168335980250102,2.570992026436488
exp2_front_right,rf,3.0,7,1875,0.016,1.3792278665275277,2.5179356624028344
exp2_front_right,nn_lknn,3.0,7,1875,0.0192,1.4935248229214029,2.8935272592460572
exp2_front_right,knn,3.0,8,1875,0.0192,1.3889713185019024,2.5179356624028344
exp2_front_right,rf,3.0,8,1875,0.021866666666666666,1.3897110074435575,2.55
exp2_front_right,nn_lknn,3.0,8,1875,0.016,1.4991431508739086,2.814693589007514
exp2_front_right,knn,3.0,9,1875,0.015466666666666667,1.4437605906126951,2.570992026436488
exp2_front_right,rf,3.0,9,1875,0.016533333333333334,1.3419122712819758,2.5
exp2_front_right,nn_lknn,3.0,9,1875,0.014933333333333333,1.5181097174152718,3.0
exp3_front_left,knn,0.0,0,1875,0.017066666666666667,1.44731352900439,2.5179356624028344
exp3_front_left,rf,0.0,0,1875,0.021866666666666666,1.4546671776701925,2.766315238724611
exp3_front_left,nn_lknn,0.0,0,1875,0.017066666666666667,1.4322194926818512,2.570992026436488
exp3_front_left,knn,0.0,1,1875,0.017066666666666667,1.44731352900439,2.5179356624028344
exp3_front_left,rf,0.0,1,1875,0.021866666666666666,1.4546671776701925,2.766315238724611
exp3_front_left,nn_lknn,0.0,1,1875,0.017066666666666667,1.4322194926818512,2.570992026436488
exp3_front_left,knn,0.0,2,1875,0.017066666666666667,1.44731352900439,2.5179356624028344
exp3_front_left,rf,0.0,2,1875,0.021866666666666666,1.4546671776701925,2.766315238724611
exp3_front_left,nn_lknn,0.0,2,1875,0.017066666666666667,1.4322194926818512,2.570992026436488
exp3_front_left,knn,0.0,3,1875,0.017066666666666667,1.44731352900439,2.5179356624028344
exp3_front_left,rf,0.0,3,1875,0.021866666666666666,1.4546671776701925,2.766315238724611
exp3_front_left,nn_lknn,0.0,3,1875,0.017066666666666667,1.4322194926818512,2.570992026436488
exp3_front_left,knn,0.0,4,1875,0.017066666666666667,1.44731352900439,2.5179356624028344
exp3_front_left,rf,0.0,4,1875,0.021866666666666666,1.4546671776701925,2.766315238724611
exp3_front_left,nn_lknn,0.0,4,1875,0.017066666666666667,1.4322194926818512,2.570992026436488
exp3_front_left,knn,0.0,5,1875,0.017066666666666667,1.44731352900439,2.5179356624028344
exp3_front_left,rf,0.0,5,1875,0.021866666666666666,1.4546671776701925,2.766315238724611
exp3_front_left,nn_lknn,0.0,5,1875,0.017066666666666667,1.4322194926818512,2.570992026436488
exp3_front_left,knn,0.0,6,1875,0.017066666666666667,1.44731352900439,2.5179356624028344
exp3_front_left,rf,0.0,6,1875,0.021866666666666666,1.4546671776701925,2.766315238724611
exp3_front_left,nn_lknn,0.0,6,1875,0.017066666666666667,1.4322194926818512,2.570992026436488
exp3_front_left,knn,0.0,7,1875,0.017066666666666667,1.44731352900439,2.5179356624028344
exp3_front_left,rf,0.0,7,1875,0.021866666666666666,1.4546671776701925,2.766315238724611
exp3_front_left,nn_lknn,0.0,7,1875,0.017066666666666667,1.4322194926818512,2.570992026436488
exp3_front_left,knn,0.0,8,1875,0.017066666666666667,1.44731352900439,2.5179356624028344
exp3_front_left,rf,0.0,8,1875,0.021866666666666666,1.4546671776701925,2.766315238724611
exp3_front_left,nn_lknn,0.0,8,1875,0.017066666666666667,1.4322194926818512,2.570992026436488
exp3_front_left,knn,0.0,9,1875,0.017066666666666667,1.44731352900439,2.5179356624028344
exp3_front_left,rf,0.0,9,1875,0.021866666666666666,1.4546671776701925,2.766315238724611
exp3_front_left,nn_lknn,0.0,9,1875,0.017066666666666667,1.4322194926818512,2.570992026436488
exp3_front_left,knn,1.0,0,1875,0.0128,1.4348737314127167,2.570992026436488
exp3_front_left,rf,1.0,0,1875,0.013866666666666666,1.4337268912293117,2.6570660511172846
exp3_front_left,nn_lknn,1.0,0,1875,0.013333333333333334,1.4732899085500855,2.7597891432347685
exp3_front_left,knn,1.0,1,1875,0.018133333333333335,1.4095995120859908,2.570992026436488
exp3_front_left,rf,1.0,1,1875,0.0128,1.4034842860776864,2.570992026436488
exp3_front_left,nn_lknn,1.0,1,1875,0.0128,1.4754085289327905,2.75
exp3_front_left,knn,1.0,2,1875,0.018133333333333335,1.4273771215636588,2.570992026436488
exp3_front_left,rf,1.0,2,1875,0.016,1.4119623158068808,2.570992026436488
exp3_front_left,nn_lknn,1.0,2,1875,0.0144,1.425770221632789,2.6570660511172846
exp3_front_left,knn,1.0,3,1875,0.0144,1.4220445858843955,2.570992026436488
exp3_front_left,rf,1.0,3,1875,0.013333333333333334,1.447684027870053,2.6570660511172846
exp3_front_left,nn_lknn,1.0,3,1875,0.0112,1.4766917146766492,2.75
exp3_front_left,knn,1.0,4,1875,0.015466666666666667,1.4218924318648223,2.570992026436488
exp3_front_left,rf,1.0,4,1875,0.0096,1.439063386677117,2.6570660511172846
exp3_front_left,nn_lknn,1.0,4,1875,0.013333333333333334,1.4499118408736549,2.75
exp3_front_left,knn,1.0,5,1875,0.0144,1.4584914975817123,2.75
exp3_front_left,rf,1.0,5,1875,0.011733333333333333,1.4030076619590215,2.570992026436488
exp3_front_left,nn_lknn,1.0,5,1875,0.0128,1.4732369837331483,2.766315238724611
exp3_front_left,knn,1.0,6,1875,0.017066666666666667,1.4371654299777308,2.570992026436488
exp3_front_left,rf,1.0,6,1875,0.016533333333333334,1.4308242999235232,2.6570660511172846
exp3_front_left,nn_lknn,1.0,6,1875,0.017066666666666667,1.4681727677782628,2.766315238724611
exp3_front_left,knn,1.0,7,1875,0.013333333333333334,1.423052542643592,2.570992026436488
exp3_front_left,rf,1.0,7,1875,0.0128,1.4204457964882837,2.6570660511172846
exp3_front_left,nn_lknn,1.0,7,1875,0.0112,1.4470338411469992,2.75
exp3_front_left,knn,1.0,8,1875,0.016533333333333334,1.4243132565556587,2.6570660511172846
exp3_front_left,rf,1.0,8,1875,0.016,1.4116346864249911,2.6570660511172846
exp3_front_left,nn_lknn,1.0,8,1875,0.015466666666666667,1.481847077582309,2.75
exp3_front_left,knn,1.0,9,1875,0.010666666666666666,1.4171401314696812,2.570992026436488
exp3_front_left,rf,1.0,9,1875,0.013333333333333334,1.4189262471088355,2.570992026436488
exp3_front_left,nn_lknn,1.0,9,1875,0.012266666666666667,1.4911016047873413,2.814693589007514
exp3_front_left,knn,2.0,0,1875,0.016,1.3943405483288163,2.570992026436488
exp3_front_left,rf,2.0,0,1875,0.015466666666666667,1.383367277605428,2.570992026436488
exp3_front_left,nn_lknn,2.0,0,1875,0.017066666666666667,1.509505434103029,2.814693589007514
exp3_front_left,knn,2.0,1,1875,0.018133333333333335,1.3901766286317923,2.570992026436488
exp3_front_left,rf,2.0,1,1875,0.0112,1.4065048941501872,2.570992026436488
exp3_front_left,nn_lknn,2.0,1,1875,0.013866666666666666,1.4577534475574232,2.766315238724611
exp3_front_left,knn,2.0,2,1875,0.015466666666666667,1.4146590429579828,2.570992026436488
exp3_front_left,rf,2.0,2,1875,0.014933333333333333,1.4073167678762055,2.570992026436488
exp3_front_left,nn_lknn,2.0,2,1875,0.014933333333333333,1.482910712147914,2.766315238724611
exp3_front_left,knn,2.0,3,1875,0.0112,1.4048646626679824,2.6570660511172846
exp3_front_left,rf,2.0,3,1875,0.011733333333333333,1.373023584885543,2.5179356624028344
exp3_front_left,nn_lknn,2.0,3,1875,0.010133333333333333,1.5156639576453592,2.773084924772409
exp3_front_left,knn,2.0,4,1875,0.014933333333333333,1.4024080419016052,2.570992026436488
exp3_front_left,rf,2.0,4,1875,0.008,1.3814819805152558,2.55
exp3_front_left,nn_lknn,2.0,4,1875,0.016533333333333334,1.511095741307456,2.814693589007514
exp3_front_left,knn,2.0,5,1875,0.0128,1.4034496751464687,2.6570660511172846
exp3_front_left,rf,2.0,5,1875,0.010666666666666666,1.4035400858465032,2.570992026436488
exp3_front_left,nn_lknn,2.0,5,1875,0.013866666666666666,1.4778194943082263,2.766315238724611
exp3_front_left,knn,2.0,6,1875,0.0144,1.4098791998646618,2.75
exp3_front_left,rf,2.0,6,1875,0.0192,1.4196892402231698,2.6570660511172846
exp3_front_left,nn_lknn,2.0,6,1875,0.017066666666666667,1.5029879415809235,2.766315238724611
exp3_front_left,knn,2.0,7,1875,0.013866666666666666,1.394762578012616,2.570992026436488
exp3_front_left,rf,2.0,7,1875,0.0144,1.4007985464622732,2.570992026436488
exp3_front_left,nn_lknn,2.0,7,1875,0.0112,1.4904044192353263,2.773084924772409
exp3_front_left,knn,2.0,8,1875,0.0128,1.4076202039762211,2.570992026436488
exp3_front_left,rf,2.0,8,1875,0.0096,1.3810655013584279,2.55
exp3_front_left,nn_lknn,2.0,8,1875,0.0192,1.495144752478151,2.766315238724611
exp3_front_left,knn,2.0,9,1875,0.016,1.4011698292098735,2.570992026436488
exp3_front_left,rf,2.0,9,1875,0.0128,1.3751133004702665,2.55
exp3_front_left,nn_lknn,2.0,9,1875,0.0144,1.483710549584181,2.766315238724611
exp3_front_left,knn,3.0,0,1875,0.015466666666666667,1.4094286716469417,2.6570660511172846
exp3_front_left,rf,3.0,0,1875,0.011733333333333333,1.3931649420936678,2.570992026436488
exp3_front_left,nn_lknn,3.0,0,1875,0.012266666666666667,1.542683064684946,2.8935272592460572
exp3_front_left,knn,3.0,1,1875,0.0144,1.4046210270014277,2.6570660511172846
exp3_front_left,rf,3.0,1,1875,0.010666666666666666,1.359519734571416,2.510761397441703
exp3_front_left,nn_lknn,3.0,1,1875,0.011733333333333333,1.4925837267896187,2.814693589007514
exp3_front_left,knn,3.0,2,1875,0.0208,1.370286628279216,2.570992026436488
exp3_front_left,rf,3.0,2,1875,0.013866666666666666,1.3545630354991551,2.5179356624028344
exp3_front_left,nn_lknn,3.0,2,1875,0.015466666666666667,1.5230171040234854,2.814693589007514
exp3_front_left,knn,3.0,3,1875,0.018666666666666668,1.381607996023653,2.6570660511172846
exp3_front_left,rf,3.0,3,1875,0.013333333333333334,1.40028130489577,2.570992026436488
exp3_front_left,nn_lknn,3.0,3,1875,0.013333333333333334,1.5001306857521117,2.814693589007514
exp3_front_left,knn,3.0,4,1875,0.0176,1.3785753738841469,2.570992026436488
exp3_front_left,rf,3.0,4,1875,0.014933333333333333,1.386857639632623,2.570992026436488
exp3_front_left,nn_lknn,3.0,4,1875,0.015466666666666667,1.5266237076467633,2.814693589007514
exp3_front_left,knn,3.0,5,1875,0.014933333333333333,1.3821095556740532,2.6570660511172846
exp3_front_left,rf,3.0,5,1875,0.0144,1.3797904655833466,2.570992026436488
exp3_front_left,nn_lknn,3.0,5,1875,0.0112,1.5374908576625261,2.814693589007514
exp3_front_left,knn,3.0,6,1875,0.0128,1.4368908335501993,2.75
exp3_front_left,rf,3.0,6,1875,0.015466666666666667,1.3722482488849022,2.570992026436488
exp3_front_left,nn_lknn,3.0,6,1875,0.013866666666666666,1.5148343560375177,2.814693589007514
exp3_front_left,knn,3.0,7,1875,0.013866666666666666,1.4072583944480859,2.570992026436488
exp3_front_left,rf,3.0,7,1875,0.0112,1.396142403837305,2.570992026436488
exp3_front_left,nn_lknn,3.0,7,1875,0.0176,1.5072288249758317,2.814693589007514
exp3_front_left,knn,3.0,8,1875,0.018666666666666668,1.3800938093042296,2.55
exp3_front_left,rf,3.0,8,1875,0.011733333333333333,1.3717949758995278,2.55
exp3_front_left,nn_lknn,3.0,8,1875,0.014933333333333333,1.4806826074359973,2.766315238724611
exp3_front_left,knn,3.0,9,1875,0.018666666666666668,1.3858234123295037,2.6570660511172846
exp3_front_left,rf,3.0,9,1875,0.0144,1.3776696719894053,2.55
exp3_front_left,nn_lknn,3.0,9,1875,0.0144,1.4937890674728747,2.814693589007514
exp4_back_left,knn,0.0,0,1875,0.012266666666666667,1.4002214738402885,2.5
exp4_back_left,rf,0.0,0,1875,0.0176,1.364695976317141,2.33238075793812
exp4_back_left,nn_lknn,0.0,0,1875,0.0128,1.3945644287740597,2.55
exp4_back_left,knn,0.0,1,1875,0.012266666666666667,1.4002214738402885,2.5
exp4_back_left,rf,0.0,1,1875,0.0176,1.364695976317141,2.33238075793812
exp4_back_left,nn_lknn,0.0,1,1875,0.0128,1.3945644287740597,2.55
exp4_back_left,knn,0.0,2,1875,0.012266666666666667,1.4002214738402885,2.5
exp4_back_left,rf,0.0,2,1875,0.0176,1.364695976317141,2.33238075793812
exp4_back_left,nn_lknn,0.0,2,1875,0.0128,1.3945644287740597,2.55
exp4_back_left,knn,0.0,3,1875,0.012266666666666667,1.4002214738402885,2.5
exp4_back_left,rf,0.0,3,1875,0.0176,1.364695976317141,2.33238075793812
exp4_back_left,nn_lknn,0.0,3,1875,0.0128,1.3945644287740597,2.55
exp4_back_left,knn,0.0,4,1875,0.012266666666666667,1.4002214738402885,2.5
exp4_back_left,rf,0.0,4,1875,0.0176,1.364695976317141,2.33238075793812
exp4_back_left,nn_lknn,0.0,4,1875,0.0128,1.3945644287740597,2.55
exp4_back_left,knn,0.0,5,1875,0.012266666666666667,1.4002214738402885,2.5
exp4_back_left,rf,0.0,5,1875,0.0176,1.364695976317141,2.33238075793812
exp4_back_left,nn_lknn,0.0,5,1875,0.0128,1.3945644287740597,2.55
exp4_back_left,knn,0.0,6,1875,0.012266666666666667,1.4002214738402885,2.5
exp4_back_left,rf,0.0,6,1875,0.0176,1.364695976317141,2.33238075793812
exp4_back_left,nn_lknn,0.0,6,1875,0.0128,1.3945644287740597,2.55
exp4_back_left,knn,0.0,7,1875,0.012266666666666667,1.4002214738402885,2.5
exp4_back_left,rf,0.0,7,1875,0.0176,1.364695976317141,2.33238075793812
exp4_back_left,nn_lknn,0.0,7,1875,0.0128,1.3945644287740597,2.55
exp4_back_left,knn,0.0,8,1875,0.012266666666666667,1.4002214738402885,2.5
exp4_back_left,rf,0.0,8,1875,0.0176,1.364695976317141,2.33238075793812
exp4_back_left,nn_lknn,0.0,8,1875,0.0128,1.3945644287740597,2.55
exp4_back_left,knn,0.0,9,1875,0.012266666666666667,1.4002214738402885,2.5
exp4_back_left,rf,0.0,9,1875,0.0176,1.364695976317141,2.33238075793812
exp4_back_left,nn_lknn,0.0,9,1875,0.0128,1.3945644287740597,2.55
exp4_back_left,knn,1.0,0,1875,0.0144,1.3975229713014021,2.5179356624028344
exp4_back_left,rf,1.0,0,1875,0.0176,1.3655291503078155,2.5179356624028344
exp4_back_left,nn_lknn,1.0,0,1875,0.012266666666666667,1.324191475114575,2.5
exp4_back_left,knn,1.0,1,1875,0.017066666666666667,1.4104287566225528,2.5179356624028344
exp4_back_left,rf,1.0,1,1875,0.0144,1.4003974647943944,2.5179356624028344
exp4_back_left,nn_lknn,1.0,1,1875,0.0128,1.3316895544257512,2.5
exp4_back_left,knn,1.0,2,1875,0.013866666666666666,1.4094245439582145,2.5179356624028344
exp4_back_left,rf,1.0,2,1875,0.0128,1.410025118450962,2.55
exp4_back_left,nn_lknn,1.0,2,1875,0.016533333333333334,1.335221967077446,2.5
exp4_back_left,knn,1.0,3,1875,0.0144,1.432038054219436,2.570992026436488
exp4_back_left,rf,1.0,3,1875,0.017066666666666667,1.3848666799776266,2.5179356624028344
exp4_back_left,nn_lknn,1.0,3,1875,0.014933333333333333,1.3306183268453708,2.5
exp4_back_left,knn,1.0,4,1875,0.0144,1.4152631040075405,2.5179356624028344
exp4_back_left,rf,1.0,4,1875,0.013333333333333334,1.3918232115355806,2.5179356624028344
exp4_back_left,nn_lknn,1.0,4,1875,0.010133333333333333,1.343444224787884,2.5
exp4_back_left,knn,1.0,5,1875,0.009066666666666667,1.39064694108225,2.55
exp4_back_left,rf,1.0,5,1875,0.011733333333333333,1.3677249728661147,2.5179356624028344
exp4_back_left,nn_lknn,1.0,5,1875,0.0144,1.3300440043268789,2.5
exp4_back_left,knn,1.0,6,1875,0.014933333333333333,1.4089337442223138,2.570992026436488
exp4_back_left,rf,1.0,6,1875,0.0176,1.4026214184377486,2.570992026436488
exp4_back_left,nn_lknn,1.0,6,1875,0.0176,1.3122448147013042,2.423324163210527
exp4_back_left,knn,1.0,7,1875,0.0128,1.3508474792343081,2.5179356624028344
exp4_back_left,rf,1.0,7,1875,0.013866666666666666,1.3794133669706847,2.5179356624028344
exp4_back_left,nn_lknn,1.0,7,1875,0.015466666666666667,1.3153632678278286,2.5
exp4_back_left,knn,1.0,8,1875,0.0176,1.363844291683266,2.5179356624028344
exp4_back_left,rf,1.0,8,1875,0.0176,1.3532891103352285,2.5179356624028344
exp4_back_left,nn_lknn,1.0,8,1875,0.0176,1.3282712352567647,2.5
exp4_back_left,knn,1.0,9,1875,0.013333333333333334,1.4043383246348937,2.5179356624028344
exp4_back_left,rf,1.0,9,1875,0.016533333333333334,1.4029856523081283,2.5179356624028344
exp4_back_left,nn_lknn,1.0,9,1875,0.013333333333333334,1.321278596172119,2.5
exp4_back_left,knn,2.0,0,1875,0.0144,1.3579394768843835,2.5179356624028344
exp4_back_left,rf,2.0,0,1875,0.014933333333333333,1.3944216735005392,2.5179356624028344
exp4_back_left,nn_lknn,2.0,0,1875,0.013866666666666666,1.3416792997236695,2.5179356624028344
exp4_back_left,knn,2.0,1,1875,0.0112,1.3698861778073985,2.537174264961138
exp4_back_left,rf,2.0,1,1875,0.010666666666666666,1.380158655634233,2.570992026436488
exp4_back_left,nn_lknn,2.0,1,1875,0.015466666666666667,1.360086049646368,2.5179356624028344
exp4_back_left,knn,2.0,2,1875,0.0144,1.3562803194704955,2.5179356624028344
exp4_back_left,rf,2.0,2,1875,0.011733333333333333,1.3720142019620825,2.510761397441703
exp4_back_left,nn_lknn,2.0,2,1875,0.014933333333333333,1.353204694205506,2.55
exp4_back_left,knn,2.0,3,1875,0.0112,1.3716567989429758,2.5
exp4_back_left,rf,2.0,3,1875,0.0112,1.3787745506117892,2.5179356624028344
exp4_back_left,nn_lknn,2.0,3,1875,0.015466666666666667,1.3456818313605186,2.5179356624028344
exp4_back_left,knn,2.0,4,1875,0.0176,1.3976465132783522,2.570992026436488
exp4_back_left,rf,2.0,4,1875,0.016533333333333334,1.3769517803519113,2.5179356624028344
exp4_back_left,nn_lknn,2.0,4,1875,0.014933333333333333,1.3772374307457194,2.5179356624028344
exp4_back_left,knn,2.0,5,1875,0.010666666666666666,1.3897365407488604,2.5625952158618954
exp4_back_left,rf,2.0,5,1875,0.012266666666666667,1.3694915009366193,2.5179356624028344
exp4_back_left,nn_lknn,2.0,5,1875,0.014933333333333333,1.3492628637535509,2.537174264961138
exp4_back_left,knn,2.0,6,1875,0.0128,1.39395892401826,2.537174264961138
exp4_back_left,rf,2.0,6,1875,0.015466666666666667,1.3565413340307175,2.5
exp4_back_left,nn_lknn,2.0,6,1875,0.013866666666666666,1.3486495921098578,2.5179356624028344
exp4_back_left,knn,2.0,7,1875,0.016,1.3818541416593677,2.55
exp4_back_left,rf,2.0,7,1875,0.013866666666666666,1.3868887137303736,2.537174264961138
exp4_back_left,nn_lknn,2.0,7,1875,0.013866666666666666,1.3582568269582025,2.5179356624028344
exp4_back_left,knn,2.0,8,1875,0.006933333333333333,1.3605669296067011,2.5
exp4_back_left,rf,2.0,8,1875,0.010666666666666666,1.3402439053915491,2.423324163210527
exp4_back_left,nn_lknn,2.0,8,1875,0.0192,1.350519308559708,2.5179356624028344
exp4_back_left,knn,2.0,9,1875,0.014933333333333333,1.3940122615778154,2.55
exp4_back_left,rf,2.0,9,1875,0.0144,1.3835870092096854,2.5179356624028344
exp4_back_left,nn_lknn,2.0,9,1875,0.013333333333333334,1.3467000137530762,2.5
exp4_back_left,knn,3.0,0,1875,0.011733333333333333,1.3821875073010639,2.5179356624028344
exp4_back_left,rf,3.0,0,1875,0.0176,1.376227981783732,2.5179356624028344
exp4_back_left,nn_lknn,3.0,0,1875,0.0144,1.3514686737511634,2.5179356624028344
exp4_back_left,knn,3.0,1,1875,0.0128,1.3780699811732613,2.5179356624028344
exp4_back_left,rf,3.0,1,1875,0.0096,1.4122794117413942,2.5179356624028344
exp4_back_left,nn_lknn,3.0,1,1875,0.015466666666666667,1.3575670212612396,2.570992026436488
exp4_back_left,knn,3.0,2,1875,0.007466666666666667,1.3873170234135253,2.5179356624028344
exp4_back_left,rf,3.0,2,1875,0.016,1.393799629524145,2.5179356624028344
exp4_back_left,nn_lknn,3.0,2,1875,0.016533333333333334,1.3376388394530387,2.5179356624028344
exp4_back_left,knn,3.0,3,1875,0.013866666666666666,1.376233820696601,2.5179356624028344
exp4_back_left,rf,3.0,3,1875,0.0144,1.384807092179203,2.55
exp4_back_left,nn_lknn,3.0,3,1875,0.010133333333333333,1.3782864451655181,2.5179356624028344
exp4_back_left,knn,3.0,4,1875,0.014933333333333333,1.4269670071407878,2.6570660511172846
exp4_back_left,rf,3.0,4,1875,0.016,1.3898512893432995,2.570992026436488
exp4_back_left,nn_lknn,3.0,4,1875,0.013333333333333334,1.366135357048316,2.5179356624028344
exp4_back_left,knn,3.0,5,1875,0.016,1.3821837647640192,2.5179356624028344
exp4_back_left,rf,3.0,5,1875,0.013866666666666666,1.3628232321463594,2.5179356624028344
exp4_back_left,nn_lknn,3.0,5,1875,0.0096,1.3825428473770567,2.570992026436488
exp4_back_left,knn,3.0,6,1875,0.009066666666666667,1.3919381460343745,2.5179356624028344
exp4_back_left,rf,3.0,6,1875,0.011733333333333333,1.3697279845976635,2.5179356624028344
exp4_back_left,nn_lknn,3.0,6,1875,0.013333333333333334,1.348047466836488,2.5179356624028344
exp4_back_left,knn,3.0,7,1875,0.013866666666666666,1.4017799921093865,2.570992026436488
exp4_back_left,rf,3.0,7,1875,0.006933333333333333,1.3691466890231998,2.5179356624028344
exp4_back_left,nn_lknn,3.0,7,1875,0.016,1.3514334954338945,2.5179356624028344
exp4_back_left,knn,3.0,8,1875,0.012266666666666667,1.3524946904693338,2.5179356624028344
exp4_back_left,rf,3.0,8,1875,0.013333333333333334,1.347251928210387,2.5179356624028344
exp4_back_left,nn_lknn,3.0,8,1875,0.013866666666666666,1.3550070936696619,2.537174264961138
exp4_back_left,knn,3.0,9,1875,0.017066666666666667,1.3949398439893304,2.570992026436488
exp4_back_left,rf,3.0,9,1875,0.014933333333333333,1.3771483509095037,2.55
exp4_back_left,nn_lknn,3.0,9,1875,0.0128,1.370558560723241,2.570992026436488
exp5_ground,knn,0.0,0,1875,0.0037333333333333333,1.4453187667678207,2.75
exp5_ground,rf,0.0,0,1875,0.005866666666666667,1.4136080199883265,2.5179356624028344
exp5_ground,nn_lknn,0.0,0,1875,0.0,1.448073957321559,2.766315238724611
exp5_ground,knn,0.0,1,1875,0.0037333333333333333,1.4453187667678207,2.75
exp5_ground,rf,0.0,1,1875,0.005866666666666667,1.4136080199883265,2.5179356624028344
exp5_ground,nn_lknn,0.0,1,1875,0.0,1.448073957321559,2.766315238724611
exp5_ground,knn,0.0,2,1875,0.0037333333333333333,1.4453187667678207,2.75
exp5_ground,rf,0.0,2,1875,0.005866666666666667,1.4136080199883265,2.5179356624028344
exp5_ground,nn_lknn,0.0,2,1875,0.0,1.448073957321559,2.766315238724611
exp5_ground,knn,0.0,3,1875,0.0037333333333333333,1.4453187667678207,2.75
exp5_ground,rf,0.0,3,1875,0.005866666666666667,1.4136080199883265,2.5179356624028344
exp5_ground,nn_lknn,0.0,3,1875,0.0,1.448073957321559,2.766315238724611
exp5_ground,knn,0.0,4,1875,0.0037333333333333333,1.4453187667678207,2.75
exp5_ground,rf,0.0,4,1875,0.005866666666666667,1.4136080199883265,2.5179356624028344
exp5_ground,nn_lknn,0.0,4,1875,0.0,1.448073957321559,2.766315238724611
exp5_ground,knn,0.0,5,1875,0.0037333333333333333,1.4453187667678207,2.75
exp5_ground,rf,0.0,5,1875,0.005866666666666667,1.4136080199883265,2.5179356624028344
exp5_ground,nn_lknn,0.0,5,1875,0.0,1.448073957321559,2.766315238724611
exp5_ground,knn,0.0,6,1875,0.0037333333333333333,1.4453187667678207,2.75
exp5_ground,rf,0.0,6,1875,0.005866666666666667,1.4136080199883265,2.5179356624028344
exp5_ground,nn_lknn,0.0,6,1875,0.0,1.448073957321559,2.766315238724611
exp5_ground,knn,0.0,7,1875,0.0037333333333333333,1.4453187667678207,2.75
exp5_ground,rf,0.0,7,1875,0.005866666666666667,1.4136080199883265,2.5179356624028344
exp5_ground,nn_lknn,0.0,7,1875,0.0,1.448073957321559,2.766315238724611
exp5_ground,knn,0.0,8,1875,0.0037333333333333333,1.4453187667678207,2.75
exp5_ground,rf,0.0,8,1875,0.005866666666666667,1.4136080199883265,2.5179356624028344
exp5_ground,nn_lknn,0.0,8,1875,0.0,1.448073957321559,2.766315238724611
exp5_ground,knn,0.0,9,1875,0.0037333333333333333,1.4453187667678207,2.75
exp5_ground,rf,0.0,9,1875,0.005866666666666667,1.4136080199883265,2.5179356624028344
exp5_ground,nn_lknn,0.0,9,1875,0.0,1.448073957321559,2.766315238724611
exp5_ground,knn,1.0,0,1875,0.0112,1.4124651542016735,2.570992026436488
exp5_ground,rf,1.0,0,1875,0.009066666666666667,1.413858995488123,2.570992026436488
exp5_ground,nn_lknn,1.0,0,1875,0.0128,1.34788559964439,2.5179356624028344
exp5_ground,knn,1.0,1,1875,0.014933333333333333,1.3995423920560917,2.570992026436488
exp5_ground,rf,1.0,1,1875,0.0128,1.3895102642472974,2.55
exp5_ground,nn_lknn,1.0,1,1875,0.010666666666666666,1.3430921196118175,2.5179356624028344
exp5_ground,knn,1.0,2,1875,0.017066666666666667,1.4087285321950946,2.570992026436488
exp5_ground,rf,1.0,2,1875,0.0128,1.400887878986762,2.570992026436488
exp5_ground,nn_lknn,1.0,2,1875,0.014933333333333333,1.3560792257066356,2.537174264961138
exp5_ground,knn,1.0,3,1875,0.010666666666666666,1.4060472509331947,2.570992026436488
exp5_ground,rf,1.0,3,1875,0.012266666666666667,1.3958543539570312,2.55
exp5_ground,nn_lknn,1.0,3,1875,0.012266666666666667,1.3498599433074394,2.5179356624028344
exp5_ground,knn,1.0,4,1875,0.013333333333333334,1.4033663528477966,2.570992026436488
exp5_ground,rf,1.0,4,1875,0.014933333333333333,1.375901188656517,2.5179356624028344
exp5_ground,nn_lknn,1.0,4,1875,0.0096,1.344958593793461,2.5179356624028344
exp5_ground,knn,1.0,5,1875,0.013333333333333334,1.4086725355987049,2.570992026436488
exp5_ground,rf,1.0,5,1875,0.013333333333333334,1.3860779723542243,2.5179356624028344
exp5_ground,nn_lknn,1.0,5,1875,0.013333333333333334,1.354344658272108,2.5179356624028344
exp5_ground,knn,1.0,6,1875,0.011733333333333333,1.3954622202658706,2.570992026436488
exp5_ground,rf,1.0,6,1875,0.007466666666666667,1.4210598140927042,2.570992026436488
exp5_ground,nn_lknn,1.0,6,1875,0.013866666666666666,1.3717137340454426,2.5179356624028344
exp5_ground,knn,1.0,7,1875,0.010666666666666666,1.3827900009642413,2.5179356624028344
exp5_ground,rf,1.0,7,1875,0.0112,1.3793517891961826,2.570992026436488
exp5_ground,nn_lknn,1.0,7,1875,0.016,1.3454387137718427,2.55
exp5_ground,knn,1.0,8,1875,0.0112,1.4002903291012236,2.570992026436488
exp5_ground,rf,1.0,8,1875,0.010666666666666666,1.3802151418234945,2.55
exp5_ground,nn_lknn,1.0,8,1875,0.011733333333333333,1.3612403861484412,2.5179356624028344
exp5_ground,knn,1.0,9,1875,0.011733333333333333,1.437159349999166,2.570992026436488
exp5_ground,rf,1.0,9,1875,0.016,1.411743982320291,2.6570660511172846
exp5_ground,nn_lknn,1.0,9,1875,0.013866666666666666,1.3347367273087833,2.5
exp5_ground,knn,2.0,0,1875,0.0144,1.3854128963206065,2.570992026436488
exp5_ground,rf,2.0,0,1875,0.011733333333333333,1.363120617115671,2.537174264961138
exp5_ground,nn_lknn,2.0,0,1875,0.0112,1.4535754290716707,2.766315238724611
exp5_ground,knn,2.0,1,1875,0.0208,1.3949377463013788,2.55
exp5_ground,rf,2.0,1,1875,0.013866666666666666,1.3381153451245404,2.5
exp5_ground,nn_lknn,2.0,1,1875,0.0128,1.4570008188690078,2.766315238724611
exp5_ground,knn,2.0,2,1875,0.0144,1.4083242992471943,2.570992026436488
exp5_ground,rf,2.0,2,1875,0.010666666666666666,1.3760308318019745,2.5179356624028344
exp5_ground,nn_lknn,2.0,2,1875,0.012266666666666667,1.4577629678784665,2.766315238724611
exp5_ground,knn,2.0,3,1875,0.013333333333333334,1.3930542237577075,2.55
exp5_ground,rf,2.0,3,1875,0.015466666666666667,1.3951663681439657,2.570992026436488
exp5_ground,nn_lknn,2.0,3,1875,0.0096,1.5068249349734,2.7703770503532907
exp5_ground,knn,2.0,4,1875,0.016,1.400507449987111,2.570992026436488
exp5_ground,rf,2.0,4,1875,0.013333333333333334,1.396260296844498,2.570992026436488
exp5_ground,nn_lknn,2.0,4,1875,0.017066666666666667,1.4457000404376823,2.766315238724611
exp5_ground,knn,2.0,5,1875,0.0112,1.4026787801790117,2.570992026436488
exp5_ground,rf,2.0,5,1875,0.0096,1.3851379564956383,2.5179356624028344
exp5_ground,nn_lknn,2.0,5,1875,0.014933333333333333,1.4508956098121626,2.766315238724611
exp5_ground,knn,2.0,6,1875,0.0176,1.3745643592479866,2.5179356624028344
exp5_ground,rf,2.0,6,1875,0.0128,1.3719919948094028,2.5179356624028344
exp5_ground,nn_lknn,2.0,6,1875,0.015466666666666667,1.4725224289972318,2.766315238724611
exp5_ground,knn,2.0,7,1875,0.015466666666666667,1.3876590509953433,2.5179356624028344
exp5_ground,rf,2.0,7,1875,0.012266666666666667,1.3749252434408903,2.5179356624028344
exp5_ground,nn_lknn,2.0,7,1875,0.012266666666666667,1.4778941303155746,2.75
exp5_ground,knn,2.0,8,1875,0.011733333333333333,1.3613916965591413,2.5179356624028344
exp5_ground,rf,2.0,8,1875,0.008,1.380223455315183,2.55
exp5_ground,nn_lknn,2.0,8,1875,0.010133333333333333,1.4899482994313613,2.766315238724611
exp5_ground,knn,2.0,9,1875,0.015466666666666667,1.4056041952129608,2.570992026436488
exp5_ground,rf,2.0,9,1875,0.010133333333333333,1.381212331799462,2.5179356624028344
exp5_ground,nn_lknn,2.0,9,1875,0.0128,1.4741809085272675,2.766315238724611
exp5_ground,knn,3.0,0,1875,0.013333333333333334,1.3861829061446889,2.5179356624028344
exp5_ground,rf,3.0,0,1875,0.010666666666666666,1.3848164228775324,2.537174264961138
exp5_ground,nn_lknn,3.0,0,1875,0.0112,1.5218053196511416,2.814693589007514
exp5_ground,knn,3.0,1,1875,0.013333333333333334,1.3928017085248314,2.55
exp5_ground,rf,3.0,1,1875,0.013866666666666666,1.3728146925549858,2.5179356624028344
exp5_ground,nn_lknn,3.0,1,1875,0.012266666666666667,1.5205231491999462,2.814693589007514
exp5_ground,knn,3.0,2,1875,0.008,1.378667863589109,2.510761397441703
exp5_ground,rf,3.0,2,1875,0.009066666666666667,1.3571608626889962,2.469329665284221
exp5_ground,nn_lknn,3.0,2,1875,0.014933333333333333,1.511815657119296,2.814693589007514
exp5_ground,knn,3.0,3,1875,0.016,1.381891626430386,2.55
exp5_ground,rf,3.0,3,1875,0.0112,1.3350785668395437,2.423324163210527
exp5_ground,nn_lknn,3.0,3,1875,0.011733333333333333,1.5425367177853662,2.8935272592460572
exp5_ground,knn,3.0,4,1875,0.008533333333333334,1.4020010033233647,2.570992026436488
exp5_ground,rf,3.0,4,1875,0.008533333333333334,1.4029918605195293,2.55
exp5_ground,nn_lknn,3.0,4,1875,0.017066666666666667,1.5135797741275527,2.8935272592460572
exp5_ground,knn,3.0,5,1875,0.0112,1.3904363954549306,2.5179356624028344
exp5_ground,rf,3.0,5,1875,0.010133333333333333,1.3788997439865838,2.5179356624028344
exp5_ground,nn_lknn,3.0,5,1875,0.010133333333333333,1.5585098799083135,3.0
exp5_ground,knn,3.0,6,1875,0.015466666666666667,1.3921833443707063,2.55
exp5_ground,rf,3.0,6,1875,0.011733333333333333,1.3329218898780808,2.5
exp5_ground,nn_lknn,3.0,6,1875,0.0144,1.5166414569137419,2.766315238724611
exp5_ground,knn,3.0,7,1875,0.017066666666666667,1.4017855158068486,2.570992026436488
exp5_ground,rf,3.0,7,1875,0.014933333333333333,1.3833577635527359,2.5179356624028344
exp5_ground,nn_lknn,3.0,7,1875,0.010666666666666666,1.5604362883721326,2.814693589007514
exp5_ground,knn,3.0,8,1875,0.0128,1.381045015320822,2.55
exp5_ground,rf,3.0,8,1875,0.0096,1.3845439427451576,2.5179356624028344
exp5_ground,nn_lknn,3.0,8,1875,0.010666666666666666,1.5387494982271677,2.8935272592460572
exp5_ground,knn,3.0,9,1875,0.0192,1.3733628281193908,2.55
exp5_ground,rf,3.0,9,1875,0.0144,1.347331352443479,2.5179356624028344
exp5_ground,nn_lknn,3.0,9,1875,0.013866666666666666,1.5054869953836072,2.814693589007514
exp6_1m50,knn,0.0,0,1875,0.022933333333333333,1.3689309190712766,2.5179356624028344
exp6_1m50,rf,0.0,0,1875,0.0176,1.4430369034188157,2.75
exp6_1m50,nn_lknn,0.0,0,1875,0.03626666666666667,1.4054269578222225,2.55
exp6_1m50,knn,0.0,1,1875,0.022933333333333333,1.3689309190712766,2.5179356624028344
exp6_1m50,rf,0.0,1,1875,0.0176,1.4430369034188157,2.75
exp6_1m50,nn_lknn,0.0,1,1875,0.03626666666666667,1.4054269578222225,2.55
exp6_1m50,knn,0.0,2,1875,0.022933333333333333,1.3689309190712766,2.5179356624028344
exp6_1m50,rf,0.0,2,1875,0.0176,1.4430369034188157,2.75
exp6_1m50,nn_lknn,0.0,2,1875,0.03626666666666667,1.4054269578222225,2.55
exp6_1m50,knn,0.0,3,1875,0.022933333333333333,1.3689309190712766,2.5179356624028344
exp6_1m50,rf,0.0,3,1875,0.0176,1.4430369034188157,2.75
exp6_1m50,nn_lknn,0.0,3,1875,0.03626666666666667,1.4054269578222225,2.55
exp6_1m50,knn,0.0,4,1875,0.022933333333333333,1.3689309190712766,2.5179356624028344
exp6_1m50,rf,0.0,4,1875,0.0176,1.4430369034188157,2.75
exp6_1m50,nn_lknn,0.0,4,1875,0.03626666666666667,1.4054269578222225,2.55
exp6_1m50,knn,0.0,5,1875,0.022933333333333333,1.3689309190712766,2.5179356624028344
exp6_1m50,rf,0.0,5,1875,0.0176,1.4430369034188157,2.75
exp6_1m50,nn_lknn,0.0,5,1875,0.03626666666666667,1.4054269578222225,2.55
exp6_1m50,knn,0.0,6,1875,0.022933333333333333,1.3689309190712766,2.5179356624028344
exp6_1m50,rf,0.0,6,1875,0.0176,1.4430369034188157,2.75
exp6_1m50,nn_lknn,0.0,6,1875,0.03626666666666667,1.4054269578222225,2.55
exp6_1m50,knn,0.0,7,1875,0.022933333333333333,1.3689309190712766,2.5179356624028344
exp6_1m50,rf,0.0,7,1875,0.0176,1.4430369034188157,2.75
exp6_1m50,nn_lknn,0.0,7,1875,0.03626666666666667,1.4054269578222225,2.55
exp6_1m50,knn,0.0,8,1875,0.022933333333333333,1.3689309190712766,2.5179356624028344
exp6_1m50,rf,0.0,8,1875,0.0176,1.4430369034188157,2.75
exp6_1m50,nn_lknn,0.0,8,1875,0.03626666666666667,1.4054269578222225,2.55
exp6_1m50,knn,0.0,9,1875,0.022933333333333333,1.3689309190712766,2.5179356624028344
exp6_1m50,rf,0.0,9,1875,0.0176,1.4430369034188157,2.75
exp6_1m50,nn_lknn,0.0,9,1875,0.03626666666666667,1.4054269578222225,2.55
exp6_1m50,knn,1.0,0,1875,0.0256,1.4218495763807104,2.75
exp6_1m50,rf,1.0,0,1875,0.014933333333333333,1.4446678171176055,2.75
exp6_1m50,nn_lknn,1.0,0,1875,0.024533333333333334,1.4111493655901912,2.5625952158618954
exp6_1m50,knn,1.0,1,1875,0.021333333333333333,1.3972480891158572,2.6570660511172846
exp6_1m50,rf,1.0,1,1875,0.010133333333333333,1.4604318672073637,2.6570660511172846
exp6_1m50,nn_lknn,1.0,1,1875,0.018666666666666668,1.4020468927068388,2.6570660511172846
exp6_1m50,knn,1.0,2,1875,0.0288,1.3784445434460733,2.55
exp6_1m50,rf,1.0,2,1875,0.0144,1.4241218558442479,2.6570660511172846
exp6_1m50,nn_lknn,1.0,2,1875,0.021866666666666666,1.3822954443128885,2.5179356624028344
exp6_1m50,knn,1.0,3,1875,0.016,1.4359759383355097,2.6570660511172846
exp6_1m50,rf,1.0,3,1875,0.0112,1.4749191701350335,2.766315238724611
exp6_1m50,nn_lknn,1.0,3,1875,0.016,1.4220184343560163,2.6570660511172846
exp6_1m50,knn,1.0,4,1875,0.022933333333333333,1.401781647886406,2.6570660511172846
exp6_1m50,rf,1.0,4,1875,0.0176,1.4248507476342576,2.75
exp6_1m50,nn_lknn,1.0,4,1875,0.026133333333333335,1.3922545062909282,2.570992026436488
exp6_1m50,knn,1.0,5,1875,0.0224,1.4228632169229074,2.75
exp6_1m50,rf,1.0,5,1875,0.013333333333333334,1.4477179841962526,2.766315238724611
exp6_1m50,nn_lknn,1.0,5,1875,0.023466666666666667,1.3928419392357048,2.6570660511172846
exp6_1m50,knn,1.0,6,1875,0.019733333333333332,1.390978971312999,2.6570660511172846
exp6_1m50,rf,1.0,6,1875,0.0112,1.4389990706728815,2.75
exp6_1m50,nn_lknn,1.0,6,1875,0.018666666666666668,1.403844991711729,2.6570660511172846
exp6_1m50,knn,1.0,7,1875,0.021333333333333333,1.369785019668071,2.55
exp6_1m50,rf,1.0,7,1875,0.013866666666666666,1.4340374502203823,2.75
exp6_1m50,nn_lknn,1.0,7,1875,0.0208,1.3740418864632176,2.570992026436488
exp6_1m50,knn,1.0,8,1875,0.023466666666666667,1.3886565343393524,2.75
exp6_1m50,rf,1.0,8,1875,0.013866666666666666,1.433628855109533,2.75
exp6_1m50,nn_lknn,1.0,8,1875,0.024533333333333334,1.381628312848014,2.570992026436488
exp6_1m50,knn,1.0,9,1875,0.0192,1.392520430927383,2.570992026436488
exp6_1m50,rf,1.0,9,1875,0.012266666666666667,1.4521649782014263,2.75
exp6_1m50,nn_lknn,1.0,9,1875,0.0192,1.3951950630226722,2.570992026436488
exp6_1m50,knn,2.0,0,1875,0.017066666666666667,1.4388074831455357,2.766315238724611
exp6_1m50,rf,2.0,0,1875,0.0096,1.4294187887982934,2.6570660511172846
exp6_1m50,nn_lknn,2.0,0,1875,0.016,1.4146035587317656,2.6570660511172846
exp6_1m50,knn,2.0,1,1875,0.017066666666666667,1.400529475080804,2.570992026436488
exp6_1m50,rf,2.0,1,1875,0.016,1.4525735911973694,2.6570660511172846
exp6_1m50,nn_lknn,2.0,1,1875,0.012266666666666667,1.392906970295129,2.570992026436488
exp6_1m50,knn,2.0,2,1875,0.013866666666666666,1.416991176632328,2.6570660511172846
exp6_1m50,rf,2.0,2,1875,0.012266666666666667,1.4587114934941294,2.75
exp6_1m50,nn_lknn,2.0,2,1875,0.016533333333333334,1.3982748807400545,2.570992026436488
exp6_1m50,knn,2.0,3,1875,0.016533333333333334,1.395980975893709,2.570992026436488
exp6_1m50,rf,2.0,3,1875,0.010666666666666666,1.4562544375121576,2.75
exp6_1m50,nn_lknn,2.0,3,1875,0.0144,1.4040616396667533,2.570992026436488
exp6_1m50,knn,2.0,4,1875,0.0208,1.400863105073434,2.570992026436488
exp6_1m50,rf,2.0,4,1875,0.0144,1.436098008439672,2.75
exp6_1m50,nn_lknn,2.0,4,1875,0.018666666666666668,1.3978647528953643,2.570992026436488
exp6_1m50,knn,2.0,5,1875,0.0176,1.422490794182238,2.7128264204469263
exp6_1m50,rf,2.0,5,1875,0.0112,1.445460528764492,2.7597891432347685
exp6_1m50,nn_lknn,2.0,5,1875,0.016533333333333334,1.4026886677096149,2.6570660511172846
exp6_1m50,knn,2.0,6,1875,0.016533333333333334,1.4054928898960657,2.570992026436488
exp6_1m50,rf,2.0,6,1875,0.0128,1.433369395825634,2.75
exp6_1m50,nn_lknn,2.0,6,1875,0.018133333333333335,1.4045461167411404,2.570992026436488
exp6_1m50,knn,2.0,7,1875,0.0144,1.4046612749703629,2.570992026436488
exp6_1m50,rf,2.0,7,1875,0.0112,1.4371678391665157,2.75
exp6_1m50,nn_lknn,2.0,7,1875,0.013333333333333334,1.4371870267110916,2.6570660511172846
exp6_1m50,knn,2.0,8,1875,0.015466666666666667,1.4092791507897404,2.6570660511172846
exp6_1m50,rf,2.0,8,1875,0.012266666666666667,1.435077416596938,2.75
exp6_1m50,nn_lknn,2.0,8,1875,0.013333333333333334,1.3991189036442147,2.6570660511172846
exp6_1m50,knn,2.0,9,1875,0.012266666666666667,1.4302066722349043,2.570992026436488
exp6_1m50,rf,2.0,9,1875,0.005866666666666667,1.4629790183017932,2.766315238724611
exp6_1m50,nn_lknn,2.0,9,1875,0.0144,1.4003973055513708,2.570992026436488
exp6_1m50,knn,3.0,0,1875,0.013333333333333334,1.4319900288220286,2.570992026436488
exp6_1m50,rf,3.0,0,1875,0.013866666666666666,1.4389084777873709,2.622636441244978
exp6_1m50,nn_lknn,3.0,0,1875,0.012266666666666667,1.4258996437262044,2.570992026436488
exp6_1m50,knn,3.0,1,1875,0.0144,1.431899787702397,2.6570660511172846
exp6_1m50,rf,3.0,1,1875,0.010133333333333333,1.4344627513747312,2.6570660511172846
exp6_1m50,nn_lknn,3.0,1,1875,0.009066666666666667,1.452398746929732,2.75
exp6_1m50,knn,3.0,2,1875,0.0128,1.4034110505834136,2.6570660511172846
exp6_1m50,rf,3.0,2,1875,0.009066666666666667,1.408585635204034,2.570992026436488
exp6_1m50,nn_lknn,3.0,2,1875,0.013333333333333334,1.3903008836547521,2.570992026436488
exp6_1m50,knn,3.0,3,1875,0.0144,1.4229688300658978,2.6570660511172846
exp6_1m50,rf,3.0,3,1875,0.012266666666666667,1.3991057942191216,2.570992026436488
exp6_1m50,nn_lknn,3.0,3,1875,0.013866666666666666,1.4207111669561838,2.6570660511172846
exp6_1m50,knn,3.0,4,1875,0.015466666666666667,1.3984896749780775,2.570992026436488
exp6_1m50,rf,3.0,4,1875,0.013333333333333334,1.4096118635827404,2.570992026436488
exp6_1m50,nn_lknn,3.0,4,1875,0.011733333333333333,1.4107744899500996,2.6570660511172846
exp6_1m50,knn,3.0,5,1875,0.0096,1.4334424641298429,2.7128264204469263
exp6_1m50,rf,3.0,5,1875,0.0128,1.4240712622674065,2.6570660511172846
exp6_1m50,nn_lknn,3.0,5,1875,0.006933333333333333,1.421484533966034,2.570992026436488
exp6_1m50,knn,3.0,6,1875,0.011733333333333333,1.426787404052762,2.75
exp6_1m50,rf,3.0,6,1875,0.013866666666666666,1.4353116223905273,2.570992026436488
exp6_1m50,nn_lknn,3.0,6,1875,0.013333333333333334,1.4282757148659502,2.75
exp6_1m50,knn,3.0,7,1875,0.014933333333333333,1.4086250163152276,2.570992026436488
exp6_1m50,rf,3.0,7,1875,0.012266666666666667,1.419124740513113,2.570992026436488
exp6_1m50,nn_lknn,3.0,7,1875,0.014933333333333333,1.4199210818723726,2.55
exp6_1m50,knn,3.0,8,1875,0.014933333333333333,1.4051936271636263,2.570992026436488
exp6_1m50,rf,3.0,8,1875,0.0096,1.4307814455247294,2.570992026436488
exp6_1m50,nn_lknn,3.0,8,1875,0.0112,1.4300842154126427,2.570992026436488
exp6_1m50,knn,3.0,9,1875,0.019733333333333332,1.414558265730401,2.6570660511172846
exp6_1m50,rf,3.0,9,1875,0.0112,1.412633890154398,2.570992026436488
exp6_1m50,nn_lknn,3.0,9,1875,0.016533333333333334,1.4233547775182145,2.6570660511172846
