room,campaign,orientation_label,grid_cell,grid_x,grid_y,coord_x_m,coord_y_m,window_id,xgb_rf_agreement_m,arbitration_state,xgb_polar_x_m,xgb_polar_y_m,xgb_polar_pred_cell,xgb_polar_error_m,rf_polar_x_m,rf_polar_y_m,rf_polar_pred_cell,rf_polar_error_m,weighted_xgb_rf_x_m,weighted_xgb_rf_y_m,weighted_xgb_rf_pred_cell,weighted_xgb_rf_error_m,arbitrated_proxy_x_m,arbitrated_proxy_y_m,arbitrated_proxy_pred_cell,arbitrated_proxy_error_m
E102,E102/exp3_front_left,front_left,3_4,3,4,1.125,1.0499999999999998,0,0.4454985681376439,PERTURBED,0.8479753636199315,1.8512872360836194,4_3,0.8478230262690649,1.1401495525899374,1.5149790180567473,4_4,0.46522574754273044,0.9356276203109333,1.7503947706755576,4_3,0.7255444390102974,0.8358605145966737,1.148657443085887,3_3,0.30550766454468115
E102,E102/exp3_front_left,front_left,1_7,1,7,1.875,0.44999999999999996,1,0.5410377773485803,PERTURBED,1.9394226523266578,0.8854893592761722,2_7,0.4402286453373661,1.8697713310715178,0.348953647542363,1_7,0.10118154141816907,1.9185272559501159,0.7245286457560295,2_7,0.2779579093157567,1.2351298612393635,0.3728586130703454,1_4,0.6445033654334063
E102,E102/exp1_back_right,back_right,4_-1,4,-1,-0.125,1.3499999999999999,4,0.26165538556351875,PERTURBED,-0.014256931620710622,0.3016846712168004,1_-1,1.0541484979621645,-0.04881367716452878,0.561048069042734,1_-1,0.792621918160474,-0.02462395528385607,0.3794936905645805,1_-1,0.9756832718699319,0.374387114125676,0.9564142609590843,3_1,0.635843710145154
E102,E102/exp2_front_right,front_right,1_3,1,3,0.875,0.44999999999999996,2,0.7362465159952146,PERTURBED,1.7706613969286265,0.3376159567046025,1_7,0.9026846133260278,1.041493357306173,0.23576851045168856,0_4,0.27132115498274234,1.5519109850418902,0.3070617228287283,1_6,0.6918380104844438,1.0770707507359785,0.3756859822343663,1_4,0.2153024884655838
E102,E102/exp3_front_left,front_left,2_-1,2,-1,-0.125,0.75,2,0.19657600515291387,PERTURBED,-0.10591361804150656,1.0122915134684916,3_-1,0.2629850338210473,-0.10491487762289775,0.8157180454738137,2_-1,0.06871880122500255,-0.10561399591592392,0.9533194730700881,3_-1,0.20424158558884647,0.5432402180127962,0.9813873406956835,3_2,0.7071669466285947
E102,E102/exp4_back_left,back_left,4_3,4,3,0.875,1.3499999999999999,4,0.24928045817970768,PERTURBED,0.9559977084969001,1.697004769504391,4_3,0.3563326238790724,0.9037110364714858,1.4532695632686243,4_3,0.10718640918026602,0.9403117068892758,1.623884207633661,4_3,0.28156380848381257,0.5503905696778679,1.3558928665442564,4_2,0.3246629146209458
E102,E102/exp4_back_left,back_left,2_1,2,1,0.375,0.75,1,1.3360425354248076,PERTURBED,0.9755500931530283,1.7940219718041805,4_3,1.2044261255867874,0.13505418581613293,0.7554766977721442,2_0,0.24000830811212823,0.7234013209519596,1.4824583895945698,4_2,0.8110972647768829,1.1891219423445667,0.6756542450962029,2_4,0.817509527943929
E102,E102/exp3_front_left,front_left,4_2,4,2,0.625,1.3499999999999999,3,0.360134005683811,PERTURBED,0.05300654271374772,1.7422439865154062,4_0,0.6935646041543484,0.36667773327016917,1.5653064657212448,4_1,0.33628450405841104,0.1471078998806742,1.6891627302771577,4_0,0.5860138368379332,0.24048541734424703,1.4351477378753223,4_0,0.3938294066473611
E102,E102/exp4_back_left,back_left,1_-1,1,-1,-0.125,0.44999999999999996,4,1.767430527894416,PERTURBED,1.8531192717803584,-0.36091889092092855,0_7,2.137883369372914,0.09204984337411637,-0.21110187164058747,0_0,0.6958206084871417,1.3247984432584858,-0.3159737851368262,0_5,1.6397046580380157,0.8807032522718766,0.2332266020030727,0_3,1.028800144687667
E102,E102/exp3_front_left,front_left,4_10,4,10,2.625,1.3499999999999999,4,0.48413693636799865,PERTURBED,-0.1682977439532698,1.1552690964415055,3_-1,2.800077215216597,-0.031300300562150385,1.6196183977870429,4_-1,2.6699485701398484,-0.12719851093593398,1.2945738868451668,4_-1,2.7527565634500673,0.4407346486698237,1.5125237383074777,4_1,2.1903034243079147
E102,E102/exp4_back_left,back_left,2_10,2,10,2.625,0.75,1,0.27154757920475214,PERTURBED,2.023018698735729,0.13562209677789672,0_8,0.8601405088934094,2.183169924724485,0.3549156730318753,1_8,0.5927102503195161,2.0710640665323554,0.2014101696540903,0_8,0.7796126091499705,1.5091902230972334,0.7940239879967832,2_6,1.116677916747234
E102,E102/exp1_back_right,back_right,3_-1,3,-1,-0.125,1.0499999999999998,4,0.2345684687553649,PERTURBED,-0.2597866180407029,0.6609316630927117,2_-2,0.4117542995363296,-0.17762612730846894,0.8806406076008384,2_-1,0.17734743603813483,-0.2351384708210327,0.7268443464451497,2_-1,0.3414089324831115,0.8725240331399616,0.8192500536634983,2_3,1.0238650958139521
E102,E102/exp4_back_left,back_left,1_7,1,7,1.875,0.44999999999999996,2,0.0322578393685428,STABLE,1.8325970294561,0.48246184061857283,1_7,0.053402088042439656,1.8624473113433346,0.49469004048524756,1_7,0.046419497100725314,1.8415521140222704,0.48613030057857526,1_7,0.04923575627810953,1.7705511651579569,0.45189114191354623,1_7,0.10446595386822244
E102,E102/exp2_front_right,front_right,3_-4,3,-4,-0.875,1.0499999999999998,1,0.1800196991345738,PERTURBED,-0.5116850713301004,1.5064596378482524,4_-3,0.5833979245583345,-0.4619271203864659,1.3334531686212512,4_-2,0.5009739540870811,-0.49675768604701004,1.4545576970801521,4_-2,0.5538358767101573,0.7309868703153419,0.7943955606518895,2_2,1.626200312704351
E102,E102/exp1_back_right,back_right,0_-2,0,-2,-0.375,0.15,1,0.07485010102108176,STABLE,-0.3758024766261603,0.7371424703163517,2_-2,0.5871430187083242,-0.44948382384931773,0.7239668604918823,2_-2,0.5787795754500361,-0.39790688079310754,0.733189787369011,2_-2,0.5836394891362149,-0.40295466338342967,0.7039201811220962,2_-2,0.5546251258816325
E102,E102/exp3_front_left,front_left,3_-3,3,-3,-0.625,1.0499999999999998,4,0.48454559022318644,PERTURBED,-0.1037185759403938,1.6196571533775384,4_-1,0.7721681134725854,-0.45771595979975266,1.288794219180512,4_-2,0.2915589635386785,-0.20991779109820147,1.5203982731184305,4_-1,0.6273498031398416,0.8057062114609648,0.8777613763391219,2_3,1.441036573787626
E102,E102/exp1_back_right,back_right,1_6,1,6,1.625,0.44999999999999996,4,0.09662152187796987,STABLE,1.9130289802818088,0.3824901802472889,1_7,0.2958348682039055,1.8815296622654485,0.2911473564759646,0_7,0.30173105570457825,1.9035791848769006,0.35508733311589163,1_7,0.29430388475474134,1.6213663825775664,0.2648846928381499,0_6,0.1851509657582123
E102,E102/exp4_back_left,back_left,0_9,0,9,2.375,0.15,2,0.16619858899944592,PERTURBED,2.04468292485,0.36044596760927644,1_8,0.39165913166764715,1.9779110631322794,0.20825040437513898,0_7,0.4013386766717155,2.024651366334684,0.31478729863903515,1_8,0.3871679466380248,1.4035779079742225,0.2919221866148155,0_5,0.9817345812027142
E102,E102/exp1_back_right,back_right,1_6,1,6,1.625,0.44999999999999996,3,0.32794476903627884,PERTURBED,1.5457814611521348,-0.17820411579572493,0_6,0.6331792700332814,1.6726810857225174,0.12419339878095648,0_6,0.32927712847020346,1.5838513485232495,-0.0874848614227205,0_6,0.5390576850179915,0.5177146277933168,-0.022851609255757632,0_2,1.2040222339635813
E102,E102/exp2_front_right,front_right,1_2,1,2,0.625,0.44999999999999996,4,0.16014014004078594,PERTURBED,0.607981666962352,0.25085764481192807,0_2,0.19986820980144013,0.5787632257868185,0.4083096919486815,1_2,0.062256895803232556,0.599216134609692,0.29809325895295413,0_2,0.15407941358273583,0.994819094140623,0.39793441939842145,1_3,0.3734661792912049
E102,E102/exp4_back_left,back_left,3_0,3,0,0.125,1.0499999999999998,3,0.3673087853549019,PERTURBED,0.5402139027297537,1.5577677663278902,4_2,0.655919727971105,0.30284448891415694,1.2774616743788685,4_1,0.2887342645900832,0.4690030785850747,1.4736759387431837,4_1,0.5457466620566058,0.7879730891453672,1.0302520955828616,3_3,0.6632671382330195
E102,E102/exp3_front_left,front_left,0_-1,0,-1,-0.125,0.15,4,0.07995843052073694,STABLE,-0.17013946070468555,0.23726346578704605,0_-1,0.09824705274906118,-0.1343676729839418,0.1657531181819507,0_-1,0.018327957594576092,-0.1594079243884624,0.21581036150551744,0_-1,0.0742624329133448,0.06961336063969303,0.3879339866270065,1_0,0.30738728362067247
E102,E102/exp4_back_left,back_left,1_-2,1,-2,-0.375,0.44999999999999996,0,0.3217930712769249,PERTURBED,-0.27200045343634005,0.7428141472234288,2_-2,0.31040140367998237,-0.26271962463653287,1.0644733565407196,3_-2,0.6246474114171766,-0.2692162047963979,0.839311910018616,2_-2,0.4034277811579424,0.8577329259455364,0.36303584782403037,1_3,1.2357965975329146
E102,E102/exp2_front_right,front_right,3_0,3,0,0.125,1.0499999999999998,4,0.27191156443267916,PERTURBED,0.3167263845614541,1.2858857220124995,4_1,0.30397546017131855,0.1245986758874218,1.0934725144827324,3_0,0.04347436689009665,0.2590880719592444,1.2281617597535694,4_1,0.22298256362378688,0.6289220022971612,0.8734522721710349,2_2,0.5339536352538022
E102,E102/exp4_back_left,back_left,2_6,2,6,1.625,0.75,2,0.15551093651165696,PERTURBED,1.8481899384461455,0.7179311492291776,2_7,0.2254820609568653,1.692951348535002,0.7087316070051086,2_6,0.07950135865572441,1.8016183614728023,0.7151712865619568,2_7,0.18001967917171385,1.2649116441981705,0.834369635198346,2_5,0.3698403159845705
E102,E102/exp1_back_right,back_right,4_-2,4,-2,-0.375,1.3499999999999999,3,0.13560674201359899,PERTURBED,-0.34003743083210103,0.8971578192648724,2_-2,0.45418985225978575,-0.43115493373497804,0.9975908275056246,3_-2,0.35685515470699053,-0.3673726817029641,0.9272877217370981,3_-2,0.4227810854078234,0.4758677187552499,1.0876762336664136,3_1,0.8903873500916335
E102,E102/exp2_front_right,front_right,0_9,0,9,2.375,0.15,4,0.3823385331194769,PERTURBED,1.9354351209082041,-0.14842956120300643,0_7,0.5312979257731053,1.7124549963281952,-0.4590138781770562,0_6,0.8999243222086678,1.8685410835342013,-0.24160485629522138,0_7,0.6401991858333715,0.7648883701026303,0.1975343216437958,0_3,1.610813140145343
E102,E102/exp2_front_right,front_right,0_10,0,10,2.625,0.15,3,0.14911354478135647,PERTURBED,2.051167061995823,0.34351493427174945,1_8,0.6055842389995838,2.178206983519926,0.2654399217747192,0_8,0.46146546470425837,2.089279038453054,0.32009243052264036,1_8,0.562075069329608,1.2360886875928287,0.20831060294717246,0_4,1.3901347992726005
E102,E102/exp1_back_right,back_right,3_2,3,2,0.625,1.0499999999999998,0,0.5674296998929136,PERTURBED,-0.030807112103752754,0.7008136509900127,2_-1,0.7429764966812804,0.37836967230834706,1.093943175979851,3_1,0.25051451305760364,0.09194592321987721,0.8187525084869642,2_0,0.581052537300183,0.6404534458635627,0.881235877203927,2_2,0.16947016885630933
E102,E102/exp1_back_right,back_right,3_-3,3,-3,-0.625,1.0499999999999998,2,0.27559303073805924,PERTURBED,-0.20782046476006322,0.9639901331407137,3_-1,0.42595359115772435,-0.48334015438106337,0.9703477445268096,3_-2,0.1625176718475481,-0.2904763716463633,0.9658974165565425,3_-2,0.3449337653358189,1.1528488919994926,1.1285771951566326,3_4,1.7795845184712376
E102,E102/exp3_front_left,front_left,2_4,2,4,1.125,0.75,0,0.8742157331380012,PERTURBED,1.81517766041775,1.4352249263036922,4_7,0.9725628013488998,1.484596076889877,0.625923397392362,2_5,0.3804002389973539,1.716003185359388,1.1924344676302931,3_6,0.738263518841507,0.8210715133536743,0.8126770822886633,2_3,0.31032393017514076
E102,E102/exp1_back_right,back_right,3_1,3,1,0.375,1.0499999999999998,3,0.11383518188862324,PERTURBED,0.24520293481248256,1.1356220481888772,3_0,0.15549409399508105,0.3458196731066142,1.0823799538398928,3_1,0.04358844902354815,0.27538795630072205,1.119649419884182,3_1,0.12154670271196158,0.7571214873038791,0.8772002431336757,2_3,0.4193764264147299
E102,E102/exp1_back_right,back_right,1_3,1,3,0.875,0.44999999999999996,2,0.098671262440651,STABLE,0.18258791336877211,-0.052854492530260755,0_0,0.8557436171955226,0.16038918447430872,-0.1489962340742017,0_0,0.9324511279961912,0.17592829470043309,-0.08169701499344303,0_0,0.8782954883769939,0.24483546638231451,-0.021813171942850984,0_0,0.787219796910856
E102,E102/exp3_front_left,front_left,4_-3,4,-3,-0.625,1.3499999999999999,0,0.2795481519249032,PERTURBED,-0.17912939777270065,1.3883754984811856,4_-1,0.44751901949996953,-0.45022142906934604,1.3201385597156798,4_-2,0.17731117977278152,-0.2604570071616943,1.367904416851534,4_-2,0.364982412960272,0.24814623718231915,1.3804908658145714,4_0,0.8736784559572044
E102,E102/exp2_front_right,front_right,2_3,2,3,0.875,0.75,0,0.4926341548613857,PERTURBED,1.6862594592806124,0.509643822577798,1_6,0.8461164236068726,1.5060838335859774,0.96814698989678,3_6,0.6677236810347522,1.632206771572222,0.6471947727734926,2_6,0.7641537866554879,0.32250843555892694,0.5892266705578602,1_1,0.5754085437656059
E102,E102/exp2_front_right,front_right,0_3,0,3,0.875,0.15,1,0.12218695839542466,PERTURBED,0.6663688876092835,-0.17745058113668832,0_2,0.3882664344804257,0.7358353690737345,-0.07693162394514996,0_2,0.2662043509171604,0.6872088320486187,-0.1472948939792268,0_2,0.35163870200343933,0.5310440914741842,0.3887332615891018,1_2,0.4186875173668185
E102,E102/exp2_front_right,front_right,2_2,2,2,0.625,0.75,2,0.2898070134289015,PERTURBED,0.22663140102375423,0.41744894458197457,1_0,0.5189294220893045,0.3523533726069441,0.6785659507187161,2_1,0.2818492625953255,0.2643479924987112,0.495784046422997,1_1,0.4412432680141133,0.004092632840334939,0.5518094866380029,1_0,0.6517710013339341
E102,E102/exp3_front_left,front_left,0_0,0,0,0.125,0.15,3,0.2427324255424852,PERTURBED,0.1286649717759718,0.7433836421884151,2_0,0.5933949602371996,0.0952424900717217,0.5029632434563874,1_0,0.35421541557135056,0.11863822726469678,0.6712575225688069,2_0,0.5212963427714661,0.07808143469652379,0.43498187786608544,1_0,0.28881832089086207
E102,E102/exp4_back_left,back_left,1_2,1,2,0.625,0.44999999999999996,1,0.22223057192695592,PERTURBED,0.6787778965176019,0.16748477926021832,0_2,0.28758809450932676,0.6315456912270004,0.3846380566528665,1_2,0.06568888575514975,0.6646082349304214,0.2326307624780128,0_2,0.2209484050523867,0.8048647002473863,0.19518422061926974,0_3,0.3119012533102281
E102,E102/exp4_back_left,back_left,2_4,2,4,1.125,0.75,1,0.7058677727011148,PERTURBED,1.281022468678703,1.5487279871087638,4_5,0.8138239417241387,1.2799468390850848,0.8428610339518604,2_5,0.18064244952133407,1.2806997798006174,1.3369679011616928,4_5,0.6072674356690992,1.1384968943750695,0.8646291994686466,2_4,0.11542105322944574
E102,E102/exp1_back_right,back_right,1_-4,1,-4,-0.875,0.44999999999999996,0,0.15538460779408264,PERTURBED,1.7738258008077166,0.08747349841484087,0_7,2.673518952125871,1.9060104213990152,0.005793620730950355,0_7,2.816263175080278,1.813481186985106,0.06296953510967371,0_7,2.7161965454521266,1.2602482130969324,0.35620283955330573,1_5,2.1373073805237994
E102,E102/exp4_back_left,back_left,1_-3,1,-3,-0.625,0.44999999999999996,1,0.6388665363223492,PERTURBED,0.2947889178929348,-0.2653596032090878,0_1,1.165225735804921,-0.1333505097764187,0.20882082838575766,0_-1,0.547619040992586,0.16634708959212874,-0.12310547373063413,0_0,0.9770773256124343,1.1390061671910297,0.2278838718095194,0_4,1.7779351316317242
E102,E102/exp3_front_left,front_left,3_6,3,6,1.625,1.0499999999999998,4,0.29956355417795816,PERTURBED,0.5016300341334037,1.7046638524902398,4_2,1.3002095369472109,0.7316986308717763,1.8965147419501704,4_2,1.2306805208604397,0.5706506131549155,1.7622191193282188,4_2,1.2723634321518635,0.7640628231843992,1.272041623067228,4_3,0.889109276072152
E102,E102/exp1_back_right,back_right,3_3,3,3,0.875,1.0499999999999998,1,0.5326451154668337,PERTURBED,0.1039040327836267,1.0792625611315088,3_0,0.7716510144756693,0.6302409329855875,1.1609955808754764,3_2,0.26875085090032763,0.26180510284421493,1.1037824670546992,3_1,0.6155489709685035,0.5857772532677716,0.9290145159638402,3_2,0.31350802952205
E102,E102/exp4_back_left,back_left,4_0,4,0,0.125,1.3499999999999999,1,0.21608708570695884,PERTURBED,0.0799974672567636,1.5422561958625054,4_0,0.1974529635149297,0.29520231184040036,1.5617626941915064,4_1,0.2716841283679678,0.14455892063185463,1.5481081453612056,4_0,0.199071315449363,0.7282463092407383,1.25082339502872,4_2,0.6113445089196449
E102,E102/exp4_back_left,back_left,4_4,4,4,1.125,1.3499999999999999,1,0.5968739527724181,PERTURBED,0.2802308230181193,1.5743568890214084,4_1,0.874054332424483,0.8765780724685229,1.5492875138575002,4_3,0.31847914728904597,0.4591349978532404,1.5668360764722358,4_1,0.7002814328138206,0.5559933452909587,1.3970787335232961,4_2,0.5709509438238383
E102,E102/exp1_back_right,back_right,3_-2,3,-2,-0.375,1.0499999999999998,0,0.5744823568264311,PERTURBED,1.822050448040248,0.20146854332395536,0_7,2.355214704480809,2.0578887035484525,0.7253104045222541,2_8,2.454459365576292,1.8928019246927095,0.358621101683445,1_7,2.370850132479354,1.310273028758464,0.995539650909927,3_5,1.6861527543742114
E102,E102/exp3_front_left,front_left,0_1,0,1,0.375,0.15,4,0.11846702850140736,PERTURBED,0.5361986485423513,0.05312549231795949,0_2,0.18806827092978293,0.5302950609294337,0.17144533213888669,0_2,0.15676880499520204,0.534427572258476,0.08862144426423765,0_2,0.17083465076043466,0.24217246898937717,0.31985520928495187,1_0,0.2156245466444226
E102,E102/exp3_front_left,front_left,0_1,0,1,0.375,0.15,2,0.1341014727997692,PERTURBED,0.5453294184100282,0.052608960093448176,0_2,0.196206843484059,0.5240578295452645,0.185012602468708,0_2,0.15311472457075087,0.5389479417505991,0.09233005280602613,0_2,0.17379513921169826,0.1694038725527483,0.37174765854908404,1_0,0.30239343857515777
E102,E102/exp4_back_left,back_left,3_1,3,1,0.375,1.0499999999999998,0,0.12122541925728296,PERTURBED,0.22001353703172466,1.3041432797781876,4_0,0.2976736642026479,0.22236309551689504,1.1829406319150786,3_0,0.20241352776967494,0.2207184045772758,1.2677824854192548,4_0,0.2668932776252882,0.6746161345711559,1.0729100676356158,3_2,0.3004907640750868
E102,E102/exp4_back_left,back_left,0_4,0,4,1.125,0.15,4,0.2481751717831091,PERTURBED,1.3709645421110226,0.2088815626348357,0_5,0.25291420362289874,1.1333909869547305,0.13712000063974006,0_4,0.015372151625415158,1.299692475564135,0.187353094036307,0_5,0.1786413016432961,0.6030232718424343,1.2446191469734398,4_2,1.2127039134343298
E102,E102/exp2_front_right,front_right,4_10,4,10,2.625,1.3499999999999999,2,0.2833110556925875,PERTURBED,1.5235346946265909,1.422738347789048,4_6,1.103864432881329,1.7701800183366465,1.283342370194247,4_7,0.8574149757627614,1.5975282917396076,1.3809195545106077,4_6,1.0279368317784237,1.154874882201589,1.3662390912293347,4_4,1.47021480405611
E102,E102/exp2_front_right,front_right,1_4,1,4,1.125,0.44999999999999996,3,0.31166466014708044,PERTURBED,1.7118339255102888,0.34518248442706884,1_6,0.5961214370417297,1.4027076654797352,0.3848790301724829,1_5,0.28524075476250044,1.619096047501123,0.35709144815069305,1_6,0.5027553114219354,1.1731107596877852,0.37355493724744826,1_4,0.0903243755415856
E102,E102/exp1_back_right,back_right,2_-4,2,-4,-0.875,0.75,1,0.41956657342694237,PERTURBED,-0.3508298371295451,1.0594571379869249,3_-2,0.6087019631105998,-0.7205744977923618,0.8611518293122343,2_-3,0.1902681394546584,-0.4617532353283901,0.9999655453845177,3_-2,0.48296548778451276,1.1858825699863837,0.5126689014242316,1_4,2.0745030772753417
E102,E102/exp1_back_right,back_right,0_6,0,6,1.625,0.15,2,0.7945295915805956,PERTURBED,1.9809439458718523,1.0176439951911798,3_7,0.9378177834708276,1.7841764209060842,0.24786492752560996,0_7,0.1868546949157654,1.9219136883821217,0.7867102748915088,2_7,0.7025366271598203,0.9079361155719279,0.4691152311106997,1_3,0.784866323062667
E102,E102/exp4_back_left,back_left,3_-1,3,-1,-0.125,1.0499999999999998,2,0.19409096531917452,PERTURBED,-0.07300338081451252,1.260500159343993,4_-1,0.21682704049672205,-0.10070787742530007,1.0683966359872574,3_-1,0.030472010679177493,-0.08131472979774879,1.2028691023369724,4_-1,0.15898856965818486,0.8795840624762201,0.9334114393902322,3_3,1.0113268665699946
E102,E102/exp1_back_right,back_right,3_-2,3,-2,-0.375,1.0499999999999998,3,1.7695047910519408,PERTURBED,1.2412103010878401,-0.28553336914435656,0_4,2.0966127724118544,-0.2700781852195684,0.6348764942917294,2_-2,0.42817766430343324,0.7878237551956175,-0.00941041011353072,0_3,1.5730573742569456,1.1453316345935984,0.831366033242679,2_4,1.5359717089081049
E102,E102/exp2_front_right,front_right,0_-3,0,-3,-0.625,0.15,3,1.3133285646895692,PERTURBED,1.1852278517934964,-0.5409925943681101,0_4,1.937626290304833,-0.11057451452654998,-0.3271511898905587,0_-1,0.7016458067419564,0.7964871418974825,-0.47684017302484466,0_3,1.5535618098735855,0.6295758860301207,0.5901070901626813,1_2,1.3295318366326265
E102,E102/exp1_back_right,back_right,1_-3,1,-3,-0.625,0.44999999999999996,0,0.18457540203269937,PERTURBED,-0.20954072574073446,1.085241158934092,3_-1,0.7590373762681019,-0.3374642289061742,0.9521860711944106,3_-2,0.5786775179322233,-0.2479177766903664,1.0453246326121874,3_-1,0.7047002350865028,0.9534980750128551,0.4887049946554949,1_3,1.5789725296630628
E102,E102/exp4_back_left,back_left,1_5,1,5,1.375,0.44999999999999996,0,0.08761292812748982,STABLE,1.4058243143285805,-0.02800315273435694,0_5,0.4789959836760764,1.4892276490810752,-0.05483427136992636,0_5,0.517595978891059,1.430845314754329,-0.03605248832502776,0_5,0.4892501615604856,1.3189937254133395,0.0059018744821406205,0_5,0.4476157368564612
E102,E102/exp1_back_right,back_right,1_1,1,1,0.375,0.44999999999999996,1,0.23312973957890665,PERTURBED,0.5567403864502511,-0.4193461943699145,0_2,0.8881398390639504,0.7809719431088029,-0.4831402730497695,0_3,1.0176266445897215,0.6240098534478167,-0.438484417973871,0_2,0.9227190623892363,0.5382231362254111,0.2946355934946701,0_2,0.22534393936383662
E102,E102/exp1_back_right,back_right,4_-2,4,-2,-0.375,1.3499999999999999,0,0.3215859964997709,PERTURBED,0.14178663455991958,1.621626254833271,4_0,0.5838229594444851,-0.12689840543562325,1.4449177309094257,4_-1,0.2656384325853105,0.06118112256125671,1.5686136976561174,4_0,0.4878994983412859,0.6912336940149473,1.122751711236705,3_2,1.0901816706396261
E102,E102/exp1_back_right,back_right,1_10,1,10,2.625,0.44999999999999996,3,2.755814788566473,PERTURBED,-0.27888566713693175,0.30607285295593967,1_-2,2.907450256059344,2.471766561855527,0.4746773132186844,1_9,0.15520778444803937,0.546310001560806,0.3566541910347631,1_2,2.0807848398290756,1.6162787543482178,0.4007600058678946,1_6,1.0099223378316835
E102,E102/exp3_front_left,front_left,0_-4,0,-4,-0.875,0.15,4,0.3767612726144625,PERTURBED,0.2991329018365837,0.07004409166352199,0_1,1.1768521650798405,0.03267874630790357,0.336410830472194,1_0,0.9266227410421248,0.21919665517797965,0.14995411330612363,0_0,1.0941966561401415,0.9570810705757201,1.1336367651970394,3_3,2.079437985372291
E102,E102/exp1_back_right,back_right,0_-2,0,-2,-0.375,0.15,0,0.08356948472690813,STABLE,-0.3758024766261603,0.7371424703163517,2_-2,0.5871430187083242,-0.4533687879360595,0.7682443372586549,2_-2,0.6231915656320779,-0.3990723700191301,0.7464730303990428,2_-2,0.5969585873339585,-0.3642007159661922,0.5973822439940125,1_-2,0.4475125660545869
E102,E102/exp2_front_right,front_right,0_7,0,7,1.875,0.15,0,0.9160053203949922,PERTURBED,0.7409556690186871,-0.2179965158617957,0_2,1.192257514263288,0.011933578925217403,0.3366137429215063,1_0,1.872389163177242,0.5222490419906461,-0.05161343822680507,0_2,1.3676926309916488,0.5001241979737379,0.32284833197725255,1_2,1.38569838596452
E102,E102/exp3_front_left,front_left,4_3,4,3,0.875,1.3499999999999999,0,0.11819665817216755,PERTURBED,0.011929722405414345,1.3717525058782567,4_0,0.863344355155681,0.11341767381842083,1.3111666517449736,4_0,0.7625717464533035,0.04237610782931629,1.3535767496382718,4_0,0.8326315745582995,0.20492307349778116,1.4164101060625809,4_0,0.6733597772498022
E102,E102/exp1_back_right,back_right,2_6,2,6,1.625,0.75,2,0.012119648982789501,STABLE,1.627322714576344,1.2054702521700773,4_6,0.4554761745853201,1.629138432513789,1.1934873869101459,3_6,0.4435066955211168,1.6278674299575777,1.201875392592098,4_6,0.451884490312319,1.4560873760820678,1.1263316102127792,3_5,0.41250085498600353
E102,E102/exp4_back_left,back_left,2_3,2,3,0.875,0.75,2,0.45281029905392195,PERTURBED,0.6581752438005293,1.4095300743709411,4_2,0.694257080554962,0.8588487624265693,1.0036146818917366,3_3,0.25412845048557664,0.7183772993883413,1.2877554566271798,4_2,0.5600996353142859,1.1029999544983633,0.7818378717032302,2_4,0.23021213983160638
E102,E102/exp4_back_left,back_left,4_0,4,0,0.125,1.3499999999999999,3,0.14239227666005674,PERTURBED,0.08285454019505123,1.6397289226070404,4_0,0.29277822387808666,0.04015139050390737,1.5038907782627882,4_0,0.17573177904905846,0.07004359528770807,1.5989774793037648,4_0,0.2549705701043905,0.5948976404624865,1.315020686109959,4_2,0.47119777685429526
E102,E102/exp1_back_right,back_right,3_7,3,7,1.875,1.0499999999999998,3,1.4598377739908281,PERTURBED,0.3790918798626482,1.74066970802295,4_1,1.6476546208090377,1.7795876136647029,1.3286769581198228,4_7,0.2945579237656213,0.7992406000032646,1.6170718830520119,4_3,1.2160710535283252,0.8621810888781469,1.020121640828044,3_3,1.0132595240474498
E102,E102/exp3_front_left,front_left,2_9,2,9,2.375,0.75,4,0.6416027042636852,PERTURBED,1.947613277071687,0.13646041463472913,0_7,0.7477233671255642,2.2569354290361603,0.6985759155974237,2_9,0.12877763537788242,2.040409922661029,0.30509506492353755,1_8,0.5566784719288954,1.0773120812937242,0.733645298854146,2_4,1.2977909733873927
E102,E102/exp1_back_right,back_right,0_8,0,8,2.125,0.15,2,0.11968767285771464,PERTURBED,1.905334726547464,0.3364052217104839,1_7,0.2880967529180294,1.9844837348303517,0.24662452488800035,0_7,0.1705318726427958,1.9290794290323303,0.3094710126637389,1_7,0.25261803975230285,1.115330738595324,0.4335951595484082,1_4,1.0487412607238982
E102,E102/exp2_front_right,front_right,0_10,0,10,2.625,0.15,1,0.15117990751105445,PERTURBED,2.0164179430694418,0.20654046797531345,0_8,0.6112028669244743,2.028866134125187,0.05587392565588989,0_8,0.6035190998752921,2.0201524003861655,0.16134050527948637,0_8,0.6049539038791398,1.0164391038015672,0.184268896678157,0_4,1.6089258883050654
E102,E102/exp3_front_left,front_left,0_2,0,2,0.625,0.15,4,0.4490405190215596,PERTURBED,1.0625896180043493,-0.2846122203586906,0_4,0.6167434279101022,0.7062338181313546,-0.011394483708908276,0_2,0.18068511997356906,0.9556828780424509,-0.20264689936375588,0_3,0.48343665713442685,0.3706203188050721,0.2262834970212016,0_1,0.2655714482443789
E102,E102/exp4_back_left,back_left,2_-4,2,-4,-0.875,0.75,2,0.16855746155288245,PERTURBED,2.3756207541171586,0.933179032032007,3_9,3.255777917007453,2.523234037263302,1.0145543138070514,3_10,3.4085163278131385,2.4199047390610016,0.9575916165645203,3_9,3.3014377956815295,1.9063264112644116,0.5562862481147429,1_7,2.7880641355009095
E102,E102/exp3_front_left,front_left,0_7,0,7,1.875,0.15,1,0.4916834189754478,PERTURBED,1.2625090385123239,-0.2049649297719205,0_5,0.7079161527130755,1.718403520836313,-0.02081063174462039,0_6,0.23172986256298378,1.3992773832095207,-0.14971864036373045,0_5,0.5622661927481186,0.7936616642611792,0.12162920771077591,0_3,1.0817104502562234
E102,E102/exp3_front_left,front_left,0_4,0,4,1.125,0.15,1,0.21980696319031812,PERTURBED,1.3977731411987735,-0.04593612067564734,0_5,0.3358513807398562,1.209857857600693,0.06809434567963368,0_4,0.11793808632594835,1.3413985561193493,-0.011726980769063026,0_5,0.27015542082145244,0.6194630104078944,0.18025845482803748,0_2,0.5064417260992908
E102,E102/exp3_front_left,front_left,4_4,4,4,1.125,1.3499999999999999,1,0.12100340184392903,PERTURBED,1.0929614587058123,1.577510093744142,4_4,0.22975489305720498,1.0085697940355207,1.4907929086423386,4_4,0.18269821013053467,1.0676439593047249,1.551494938213601,4_4,0.20949922560701978,0.37409158407235826,1.4399583850887128,4_1,0.7562777004240767
E102,E102/exp3_front_left,front_left,4_9,4,9,2.375,1.3499999999999999,0,0.7416191715876514,PERTURBED,0.477267195885504,1.8257135528629744,4_1,1.956449125377346,1.2132286476512366,1.9171451512370021,4_4,1.2928133267064958,0.6980556314152238,1.8531430323751827,4_2,1.7507984825090201,0.5758680664017071,1.5437937361057785,4_2,1.8095390923235033
E102,E102/exp2_front_right,front_right,1_-1,1,-1,-0.125,0.44999999999999996,3,1.5391579680251086,PERTURBED,1.1355582965258826,1.718758696992757,4_4,1.788506597733146,-0.07246023644719113,0.7649775509593685,2_-1,0.31932942921463825,0.7731527366339604,1.4326243531827405,4_3,1.33125089963946,1.0951807560821323,0.4150221071529505,1_4,1.2206819940103908
E102,E102/exp2_front_right,front_right,3_10,3,10,2.625,1.0499999999999998,0,1.5140540376315077,PERTURBED,0.9452071345127486,1.9380748258244584,4_3,1.9001002518827825,2.284664091612796,1.2322315791013967,4_9,0.3860529483886014,1.3470442216427627,1.72632185180754,4_5,1.445884579995593,1.216962796553503,1.1945043790006848,3_4,1.4154328955622746
E102,E102/exp3_front_left,front_left,3_5,3,5,1.375,1.0499999999999998,3,1.728572311027972,PERTURBED,-0.20005682247297685,1.0316493326325284,3_-1,1.5751637187960819,1.5222971642481018,1.1781381679702108,3_6,0.1952327961339853,0.3166493735433468,1.075595983233833,3_1,1.0586600978968164,0.8009124458548514,1.1399047045289836,3_3,0.5810846545218715
E102,E102/exp4_back_left,back_left,2_-2,2,-2,-0.375,0.75,3,2.155230856602775,PERTURBED,1.7543478011504878,0.08790038881512796,0_7,2.2299098531993566,-0.2911763305399928,0.766760515737188,2_-2,0.0854828781073559,1.1406905616433436,0.291558426891746,0_4,1.5835045167629567,1.671378276072579,0.5304950889470259,1_6,2.058117211132095
E102,E102/exp3_front_left,front_left,2_-2,2,-2,-0.375,0.75,3,1.6692461462684551,PERTURBED,1.58264809097867,0.3476999451010203,1_6,1.998557325243425,-0.0862769981047875,0.3149624458094985,1_-1,0.5221289547414857,1.0819705642536326,0.3378786953135638,1_4,1.5141357914262508,0.7054038344740459,0.9982329810018161,3_2,1.1085540394600841
E102,E102/exp1_back_right,back_right,0_0,0,0,0.125,0.15,3,0.31067701010605486,PERTURBED,0.009187396911734425,0.513115393098597,1_0,0.38113691468975913,0.11464503912944168,0.2208845078275159,0_0,0.0716368526987329,0.04082468957704661,0.4254461275172726,1_0,0.2880209229362724,-0.3099804871026261,0.6365361349902883,2_-2,0.6526296306568725
E102,E102/exp1_back_right,back_right,1_9,1,9,2.375,0.44999999999999996,3,0.19150127635033026,PERTURBED,1.9700687729126638,0.414622438779308,1_7,0.40647370211168604,2.1469156422401934,0.3411518756069923,1_8,0.2527259156449515,2.023122833710923,0.39258126982761327,1_8,0.35653113570940786,1.7462383310954475,0.4033562365630402,1_6,0.6304893947967731
E102,E102/exp3_front_left,front_left,1_9,1,9,2.375,0.44999999999999996,0,0.09124522243751859,STABLE,0.0061194235177040035,1.5588027856793882,4_0,2.615537956743405,-0.03961381194944602,1.6377594940161626,4_-1,2.6909352419711934,-0.007600547122441006,1.5824897981804205,4_-1,2.6380520294586467,0.25662490409977967,1.3743869356896345,4_1,2.3112776236973223
E102,E102/exp3_front_left,front_left,1_-4,1,-4,-0.875,0.44999999999999996,4,0.5607477034798726,PERTURBED,1.751333593263906,1.3822643892951212,4_7,2.7868880556373816,1.7759236729006642,0.8220561111151135,2_7,2.676905315726212,1.7587106171549336,1.2142019058411189,4_7,2.742341366023898,0.9876550580254004,0.3177354162096442,1_3,1.8673451168203599
E102,E102/exp1_back_right,back_right,1_0,1,0,0.125,0.44999999999999996,2,0.11882942622610737,PERTURBED,0.19713405457278754,0.4540794608704128,1_0,0.07224931716011661,0.09921462310152429,0.5214012068190323,1_0,0.07591454404138039,0.16775822513140856,0.47427598465499865,1_0,0.04916898664156046,0.5055648790868821,0.4811053002957981,1_2,0.3818339520012658
E102,E102/exp1_back_right,back_right,2_8,2,8,2.125,0.75,3,0.8473868793601494,PERTURBED,1.5072216671441223,1.5295449606127387,4_6,0.9946559275261491,2.002478831015007,0.8419514288322978,2_8,0.15318780014658587,1.6557988163053878,1.3232669010786065,4_6,0.7408000341878326,1.5274561923920065,1.1689292592373504,3_6,0.7297673096650835
E102,E102/exp1_back_right,back_right,2_2,2,2,0.625,0.75,3,1.4571788047270482,PERTURBED,1.7519530877252536,0.6611533909694852,2_7,1.1304499024148325,0.2948223115979788,0.6729842915469882,2_1,0.33904089025812434,1.3148138548870711,0.6647026611427361,2_5,0.6950674718401748,0.8225441371328862,0.6291267560993996,2_3,0.23159021396991405
E102,E102/exp4_back_left,back_left,3_5,3,5,1.375,1.0499999999999998,3,0.27534350998094553,PERTURBED,1.741310799475634,1.4140420559337936,4_6,0.5164399483976638,1.7336693086107076,1.1388046018945799,3_6,0.36949956732983846,1.739018352216156,1.3314708197220295,4_6,0.46014691469698754,0.8871909184655589,1.11361271989133,3_3,0.49193930332861985
E102,E102/exp1_back_right,back_right,3_6,3,6,1.625,1.0499999999999998,1,0.2813458379575562,PERTURBED,1.7379461061607357,0.6069786930124975,2_6,0.45719219300179104,1.6547501117647376,0.8757423569488647,2_6,0.17677894476365447,1.7129873078419362,0.6876077921934076,2_6,0.37292074039962964,0.8078914244067646,0.8914837177672084,2_3,0.8323423790970348
E102,E102/exp4_back_left,back_left,1_5,1,5,1.375,0.44999999999999996,3,0.07936504233090017,STABLE,1.5259107317849956,0.3511888833435168,1_6,0.1803820549355839,1.4712602659856233,0.4087400478156386,1_5,0.10473023661712377,1.509515592045184,0.3684542326851533,1_6,0.1573027548081516,1.4626671441909154,0.3051519473600903,1_5,0.1693118026723618
E102,E102/exp1_back_right,back_right,0_2,0,2,0.625,0.15,4,0.04927996854162928,STABLE,0.6301485639911463,0.0635568124318302,0_2,0.08659637629899251,0.6468457509930581,0.10992187735885428,0_2,0.04564529275718817,0.6351577200917198,0.07746633190993743,0_2,0.07324146560563277,0.4488016285731565,0.19669870291433145,0_1,0.1822817460618394
E102,E102/exp4_back_left,back_left,3_10,3,10,2.625,1.0499999999999998,1,0.436945004032227,PERTURBED,2.0065113207033014,0.8853417807603743,2_8,0.6400316988879059,2.4024801845004524,1.070083750685771,3_9,0.2234243167866043,2.1253019798424466,0.9407643717379933,3_8,0.5114983224128637,1.1506518852928225,1.0864327290576785,3_4,1.4747981919866864
E102,E102/exp2_front_right,front_right,2_-3,2,-3,-0.625,0.75,1,0.08452698959748753,STABLE,-0.3655898575116221,0.556966705034067,1_-2,0.32335039043001856,-0.3891087864658169,0.638155817304502,2_-2,0.26106280053935965,-0.37264553619788054,0.5813234387151975,1_-2,0.30353674856221435,-0.06725730565341861,0.5527599963849172,1_-1,0.5915915247221363
E102,E102/exp1_back_right,back_right,4_7,4,7,1.875,1.3499999999999999,0,0.8978238204328849,PERTURBED,1.9476680450232706,1.096912472145772,3_7,0.26331339032200524,1.364625282021974,1.7796633410932343,4_5,0.6671528606178277,1.7727552161228814,1.3017377328300106,4_7,0.11306300129779903,0.6926866371410545,1.0454486490572101,3_2,1.2209080282133895
E102,E102/exp1_back_right,back_right,0_5,0,5,1.375,0.15,0,0.3419059918167198,PERTURBED,0.1286935520355349,1.214788792400592,4_0,1.6392238817988571,-0.12200580637235936,0.9823032252484674,3_-1,1.7128207854505848,0.053483744513166606,1.1450431222549546,3_0,1.6542418289545306,0.35971007742484273,0.3770681640963711,1_1,1.04037184603812
E102,E102/exp2_front_right,front_right,0_-1,0,-1,-0.125,0.15,1,0.15975538592989608,PERTURBED,-0.08203176007677926,0.3077662059421336,1_-1,0.1635128294033076,-0.06927950559065721,0.14852059897248682,0_-1,0.0557401302888844,-0.07820608373094265,0.25999252385123955,0_-1,0.11953253073101502,0.488529582257353,0.517714352621607,1_1,0.7152848337751959
E102,E102/exp2_front_right,front_right,0_-3,0,-3,-0.625,0.15,1,1.529137893097256,PERTURBED,1.2594082004355345,-0.5233738095392976,0_5,2.0011063323177396,-0.22305139776728322,-0.14843883410721703,0_-1,0.5006280221283161,0.814670320974689,-0.4108933169096734,0_3,1.54507344357778,0.6526381903792825,0.8461518357356852,2_2,1.4549868466463236
E102,E102/exp2_front_right,front_right,4_1,4,1,0.375,1.3499999999999999,1,0.9624567926701196,PERTURBED,1.4769617314477075,1.4797413242981539,4_5,1.109573102055862,0.5150145015277285,1.5110559312114291,4_2,0.21340823230709477,1.1883775624717137,1.4891357063721364,4_4,0.8251919800386452,0.8438756864742744,1.3417123095169095,4_3,0.46894892598263355
E102,E102/exp2_front_right,front_right,2_10,2,10,2.625,0.75,3,0.2215017768440418,PERTURBED,2.2301121281867275,0.42214596267118365,1_8,0.5132491608351838,2.3913477818800493,0.5740212441463299,1_9,0.292509626412839,2.2784828242947244,0.46770854711372756,1_9,0.4469481149209642,1.0354351118587481,0.638005350006174,2_4,1.5935053609068122
E102,E102/exp3_front_left,front_left,2_-3,2,-3,-0.625,0.75,3,0.3372141066423406,PERTURBED,1.4625872690469497,1.3882859454416712,4_5,2.1829863842991024,1.7686102410423148,1.2466409867254646,4_7,2.444590406534046,1.5543941606455594,1.3457924578268092,4_6,2.2593644151086543,0.694708406483322,1.1649584273884552,3_2,1.383409113242879
E102,E102/exp2_front_right,front_right,3_4,3,4,1.125,1.0499999999999998,3,0.1303545487131039,PERTURBED,1.271038178962581,1.2089022506235434,4_5,0.21581722583689725,1.236772178863645,1.083132025182795,3_4,0.1165793766523051,1.2607583789329002,1.1711711829913187,3_5,0.1819692090382453,0.765359679771314,1.0143592469788898,3_3,0.3614020243580597
E102,E102/exp2_front_right,front_right,3_3,3,3,0.875,1.0499999999999998,2,0.4832402876357293,PERTURBED,0.5646720000950701,1.6132909000836175,4_2,0.6431174897652888,0.8361850313862801,1.2135386650263,4_3,0.16808181563473334,0.6461259094824332,1.4933652295664221,4_2,0.49895498404037386,0.6432233049858641,0.9814447742478198,3_2,0.24170282441379978
E102,E102/exp2_front_right,front_right,4_9,4,9,2.375,1.3499999999999999,2,2.1632688123990285,PERTURBED,-0.07336576684360074,1.288019315974244,4_-1,2.4491501655561985,2.0804145243345067,1.4904110451309704,4_8,0.32633704060041424,0.5727683205098316,1.3487368347212618,4_2,1.8022321221597608,1.0318792636315814,1.3695387742887566,4_4,1.3432628470122852
E102,E102/exp3_front_left,front_left,3_8,3,8,2.125,1.0499999999999998,2,1.0129357088218047,PERTURBED,-0.11835171851364923,1.0947152088081702,3_-1,2.243797313229718,0.6423202952159675,1.763607455537688,4_2,1.645470968318019,0.1098498856052358,1.2953828828270257,4_0,2.0300351580033613,0.6636471162177513,1.3034655648883682,4_2,1.4831712792266691
E102,E102/exp3_front_left,front_left,0_3,0,3,0.875,0.15,2,0.19309955979354793,PERTURBED,0.6830898815955689,0.26679046301125325,0_2,0.2246541915842784,0.8356964495632001,0.14847446491461902,0_3,0.039333145491236794,0.7288718519858584,0.23129566358226297,0_2,0.16721967754819816,0.4483748881599346,0.22255329040954852,0_1,0.43275046620633534
E102,E102/exp4_back_left,back_left,4_2,4,2,0.625,1.3499999999999999,0,0.6447814243256511,PERTURBED,-0.347948121716956,1.0369292634568505,3_-2,1.02207697050282,0.14401318777993033,1.4537231635004142,4_0,0.49204350232083977,-0.20035972886789008,1.1619674334699197,3_-1,0.8465074885154685,0.45552461897628665,1.3010817915836936,4_1,0.1763941492447921
E102,E102/exp2_front_right,front_right,4_-3,4,-3,-0.625,1.3499999999999999,0,0.6553956876360898,PERTURBED,0.5483978771951359,1.7659412418857139,4_2,1.2449376269144898,-0.035588570736633796,1.4684461393982655,4_-1,0.6011949108938278,0.373201942815605,1.6766927111394794,4_1,1.0503024546065347,1.0248511678886527,1.2790422413289457,4_4,1.6513763591922863
E102,E102/exp1_back_right,back_right,1_0,1,0,0.125,0.44999999999999996,0,0.298052837632411,PERTURBED,0.08443530961290568,0.4980841896944767,1_0,0.06290932685043805,0.07719861479864498,0.2001192181476561,0_0,0.2544118267029011,0.08226430116862747,0.40869469823043053,1_0,0.059434568298936695,0.5949125141493137,0.479446541908567,1_2,0.470834227498917
E102,E102/exp4_back_left,back_left,1_1,1,1,0.375,0.44999999999999996,1,0.49320939392332386,PERTURBED,0.9053232019861859,-0.1758183184183656,0_3,0.8202994978865168,0.4719550482503758,0.05965471524329968,0_1,0.4022060699604397,0.7753127558654429,-0.10517640831986601,0_3,0.6844495210485081,0.8422904268411575,0.17496492128495159,0_3,0.5422219449092632
E102,E102/exp3_front_left,front_left,1_10,1,10,2.625,0.44999999999999996,2,2.0924582588747853,PERTURBED,0.3231205900989349,-0.24840411730458212,0_1,2.4054972726641095,2.2687383705327715,0.521630308934277,1_9,0.3633913177122766,0.906805924229086,-0.017393789432924356,0_3,1.7806313027729053,0.4644858193429944,1.126832167714677,3_1,2.2640501999896916
E102,E102/exp1_back_right,back_right,4_5,4,5,1.375,1.3499999999999999,1,1.7462966761858008,PERTURBED,0.4346805329502552,-0.05885028760758615,0_1,1.6938299303662967,1.5955055711116364,1.2457712330010549,4_6,0.2438982221365898,0.7829280443986696,0.33253616857500623,1_3,1.1771923584816593,0.45182163054566254,0.9472388346666367,3_1,1.0072114267268109
E102,E102/exp4_back_left,back_left,0_8,0,8,2.125,0.15,0,0.22456888730507724,PERTURBED,1.909645875097584,-0.13916584163695944,0_7,0.3605471995205295,2.0762537921159403,0.011409678060782191,0_8,0.1469131380043732,1.9596282502030908,-0.09399318572763694,0_7,0.2947549665610618,1.2516481364699932,0.29381568677046743,0_5,0.885113794544293
E102,E102/exp4_back_left,back_left,3_-4,3,-4,-0.875,1.0499999999999998,1,0.7029399803997873,PERTURBED,-0.11789898327089743,1.3622580246669749,4_-1,0.81896704665155,-0.743682947754452,1.0420720695725973,3_-3,0.1315561488160919,-0.3056341726159638,1.2662022381386615,4_-2,0.6090327192925473,1.1211939853752517,0.8756521998213839,2_4,2.0037932983906934
E102,E102/exp4_back_left,back_left,4_7,4,7,1.875,1.3499999999999999,3,0.11916201622010195,PERTURBED,1.5984073632656564,1.3826467424748667,4_6,0.2785126505024087,1.7099361670814606,1.4246099648136683,4_6,0.18114280495580373,1.6318660044103979,1.3952357091765073,4_6,0.2473063064219476,0.7756290292674788,1.3983886575474904,4_3,1.1004353654207113
E102,E102/exp1_back_right,back_right,2_-1,2,-1,-0.125,0.75,2,0.15713153684734388,PERTURBED,-0.0908404347444236,0.8638263403027207,2_-1,0.11884154006558798,-0.1518094086678885,0.7190054022767293,2_-1,0.04098059883834342,-0.10913112692146308,0.8203800588949232,2_-1,0.07214689059713916,0.9244410716478758,0.5684182953973304,1_3,1.0650344962994642
E102,E102/exp1_back_right,back_right,0_6,0,6,1.625,0.15,1,0.7945295915805956,PERTURBED,1.9809439458718523,1.0176439951911798,3_7,0.9378177834708276,1.7841764209060842,0.24786492752560996,0_7,0.1868546949157654,1.9219136883821217,0.7867102748915088,2_7,0.7025366271598203,0.6642800986176678,0.4282054235487759,1_2,1.0001904751616224
E102,E102/exp2_front_right,front_right,2_5,2,5,1.375,0.75,4,0.3201010555148919,PERTURBED,1.7602038456797515,0.6020430401466961,2_7,0.4126418116181418,1.4657960064818252,0.7276961736553986,2_5,0.09349532321275633,1.6718814939203737,0.6397389801993069,2_6,0.31669561714662503,0.5806067336632992,0.6043552578264977,2_2,0.8076342318920604
E102,E102/exp1_back_right,back_right,1_-2,1,-2,-0.375,0.44999999999999996,2,0.1226838538799546,PERTURBED,-0.16327808149199807,0.656709360609386,2_-1,0.29589682414694857,-0.2303424972588617,0.5539781962010756,1_-1,0.1781495393890532,-0.18339740622205716,0.6258900112868928,2_-1,0.2600939253672386,0.7234364021351982,0.5120327514054421,1_2,1.1001866167985541
E102,E102/exp2_front_right,front_right,3_9,3,9,2.375,1.0499999999999998,4,0.18332468628709037,PERTURBED,1.7139272632089497,1.1823366679030491,3_6,0.6741885174045099,1.868592265039723,1.0839157462910922,3_7,0.5075421872850372,1.7603267637581819,1.152810391419462,3_7,0.6232119735176892,1.1174695924261857,1.0968421731351239,3_4,1.258402525091548
E102,E102/exp1_back_right,back_right,2_7,2,7,1.875,0.75,1,1.0976245416052486,PERTURBED,1.1773230221979425,1.7398847742918073,4_4,1.211042952058165,1.880054751346682,0.8967075976665417,2_7,0.14679465155197127,1.3881425409425645,1.4869316213042276,4_5,0.8832317928595755,1.4706076782201167,1.1647245253660583,3_5,0.5792491535208549
E102,E102/exp1_back_right,back_right,2_1,2,1,0.375,0.75,0,0.18541955549971056,PERTURBED,0.07826913724332218,0.8600593906714266,2_0,0.3164842403458473,0.24953475458070662,0.7890065942468322,2_0,0.13138889680205296,0.12964882244453751,0.8387435517440482,2_0,0.26090729829577525,0.7723332465007036,0.6196412348096902,2_3,0.41817115686848993
E102,E102/exp2_front_right,front_right,4_-1,4,-1,-0.125,1.3499999999999999,2,0.1458819644738696,PERTURBED,-0.02016906537295049,1.4533941539824253,4_-1,0.14724087724719054,-0.1201644880271393,1.3471752149603964,4_-1,0.005600141655319693,-0.050167692169207134,1.4215284722758166,4_-1,0.1035190641447015,0.8058475789709133,1.3032907299574388,4_3,0.9320187611759323
E102,E102/exp3_front_left,front_left,3_2,3,2,0.625,1.0499999999999998,4,0.6576175510090907,PERTURBED,0.9877579209048609,1.8000692710319348,4_3,0.8331849857778257,0.529692674603504,1.3282249391532195,4_2,0.29409624792072125,0.8503383470144539,1.6585159714683202,4_3,0.6488983419359615,0.7963100287196083,1.0150385220898128,3_3,0.1748411589917475
E102,E102/exp1_back_right,back_right,4_8,4,8,2.125,1.3499999999999999,3,1.8816178694946057,PERTURBED,-0.23049294725093095,1.2245125904785572,4_-1,2.358833210402397,1.551531226528212,1.8285619683179704,4_6,0.746918999401948,0.304114304882812,1.4057274038303813,4_1,1.8217382518408287,0.6862531376405717,1.1416663751254208,3_2,1.4537521911255997
E102,E102/exp3_front_left,front_left,3_8,3,8,2.125,1.0499999999999998,4,0.5904449871470715,PERTURBED,-0.19086687343972963,0.8488057247093157,2_-1,2.3245899664038068,0.09038923314672587,1.3679591561290971,4_0,2.0593054648501266,-0.10649004146379296,1.0045517541352502,3_-1,2.231952810478811,0.5208699289449007,1.264448939994536,4_2,1.618400949310157
E102,E102/exp2_front_right,front_right,4_6,4,6,1.625,1.3499999999999999,4,0.8429887169075748,PERTURBED,0.6074441889151656,1.7242922137390533,4_2,1.0842114599736512,1.407313661313876,1.4581366127119695,4_5,0.24306556535097362,0.8474050306347787,1.644445533430928,4_3,0.8314758616697921,1.0389679848531137,1.3646196727227937,4_4,0.5862143444233022
E102,E102/exp2_front_right,front_right,2_7,2,7,1.875,0.75,0,0.3041392679714269,PERTURBED,1.090390573007963,1.8195298305805818,4_4,1.3264637241276147,1.3738985993921504,1.709421278242726,4_5,1.0824009436599984,1.1754429809232192,1.786497264879225,4_4,1.250482548075624,0.7109143041706507,0.836379317143529,2_2,1.167286123306828
E102,E102/exp4_back_left,back_left,2_9,2,9,2.375,0.75,0,0.2242142327670739,PERTURBED,1.7688809353749155,1.4278792773353532,4_7,0.9093407695372995,1.7189679204298687,1.2092912787754526,4_6,0.8008286759253203,1.7539070308914013,1.362302877767383,4_7,0.8721647151761835,1.360714200939015,0.9312127637697574,3_5,1.0303464213214188
E102,E102/exp2_front_right,front_right,3_7,3,7,1.875,1.0499999999999998,0,0.5786593325411251,PERTURBED,1.8780102001129146,1.1670730015015356,3_7,0.11711169448564215,1.4893328567330522,1.5957646691137168,4_5,0.6682800456758331,1.7614069970989559,1.29568050178519,4_7,0.2706700560932063,0.949022049501648,1.087771164644637,3_3,0.9267479839135021
E102,E102/exp3_front_left,front_left,1_4,1,4,1.125,0.44999999999999996,1,0.26364894693640367,PERTURBED,1.5189543702483665,0.27117292563828493,0_6,0.43264207881637845,1.2574359517927516,0.30462264954070994,1_5,0.19665669414951337,1.4404988447116822,0.28120784280901245,0_5,0.3578132380776223,1.0677630786244323,0.3117678904856149,1_4,0.1496134394676824
E102,E102/exp2_front_right,front_right,2_8,2,8,2.125,0.75,4,0.36317668867749,PERTURBED,0.6123084771801055,0.1491118009808987,0_2,1.627667739721959,0.8664911001055697,-0.11028847157384969,0_3,1.5244477378501238,0.6885632640577448,0.07129171921447418,0_2,1.5887087293683775,0.7166114010650881,0.6729857866555282,2_2,1.4104926921706868
E102,E102/exp1_back_right,back_right,4_1,4,1,0.375,1.3499999999999999,2,0.15661249512292094,PERTURBED,-0.018459165129129262,1.3336141527548868,4_-1,0.3938002166251963,0.13340000386713857,1.3719060111635604,4_0,0.24259107868282523,0.027098585569751095,1.345101710277489,4_0,0.3479358955393557,0.3110037751743417,1.0356834251591123,3_1,0.3207653753316332
E102,E102/exp3_front_left,front_left,2_0,2,0,0.125,0.75,1,0.7774569234999302,PERTURBED,1.2732061272904287,-0.22998163688948925,0_5,1.5095500387161358,0.5195488738935958,-0.03908896468775569,0_2,0.8822302466378598,1.0471089512713787,-0.17271383522896916,0_4,1.3044867725422729,0.6138676745286394,0.7582028123988224,2_2,0.4889364880332516
E102,E102/exp1_back_right,back_right,2_5,2,5,1.375,0.75,4,0.379311361843931,PERTURBED,0.7336143227559616,1.6881534126552422,4_2,1.1364450768297036,0.3611784424816915,1.6162602675840527,4_1,1.3335070309839552,0.6218835586736805,1.6665854691338855,4_2,1.1863023629848357,0.7675145862300743,0.8337427729034492,2_3,0.6132302829743297
E102,E102/exp4_back_left,back_left,0_5,0,5,1.375,0.15,3,0.06258137358503384,STABLE,1.1509969807926645,0.16493646815034824,0_4,0.2245004469813106,1.2132981637506202,0.17085178063819806,0_4,0.16304073295408353,1.1696873356800512,0.16671106189670318,0_4,0.205991625363439,1.0663227121858008,0.3832391289101064,1_4,0.3868877864020461
E102,E102/exp3_front_left,front_left,1_8,1,8,2.125,0.44999999999999996,3,0.8049678533223378,PERTURBED,1.622817540127375,1.2589003342104037,4_6,0.952106597860462,1.9972765435815458,0.5463319517975422,1_7,0.15997851810977864,1.7351552411636262,1.0451298194865453,3_6,0.7114481274374671,1.3501132973623828,0.47881011905707094,1_5,0.7754220946585683
E102,E102/exp1_back_right,back_right,1_8,1,8,2.125,0.44999999999999996,1,0.744727418970105,PERTURBED,1.7273789603972975,1.3387401648149735,4_6,0.9736331812803425,1.9834385987341907,0.6394173565349534,2_7,0.23647106648600613,1.8041968518983653,1.1289433223309675,3_7,0.7509185673358539,1.668174861975202,0.40972350640551264,1_6,0.45859721179662943
E102,E102/exp3_front_left,front_left,4_5,4,5,1.375,1.3499999999999999,2,0.12433330236139495,PERTURBED,1.7120455782576842,1.4023221781847717,4_6,0.3410825884636384,1.6092932658134984,1.332316947212633,4_6,0.23495962368337975,1.6812198845244284,1.38132060889313,4_6,0.30781747549414845,0.6314071516650048,1.4254306206107108,4_2,0.7474089259706952
E102,E102/exp3_front_left,front_left,4_-4,4,-4,-0.875,1.3499999999999999,0,0.16437525148233237,PERTURBED,0.21638626694561192,1.7071812227113616,4_0,1.148347686693826,0.11135680373273438,1.5807374203440854,4_0,1.0129854398839595,0.18487742798174864,1.6692480820011788,4_0,1.106914405094919,0.38885164983315473,1.387049324993606,4_1,1.2643945765734954
E102,E102/exp3_front_left,front_left,3_9,3,9,2.375,1.0499999999999998,0,0.6481246117357488,PERTURBED,-0.11513815171885622,1.3590965894509712,4_-1,2.5092486357983783,0.3991455047261517,1.7535301491935065,4_1,2.0973687461479233,0.039146945214646164,1.4774266573737318,4_0,2.3746374546409714,0.44509667845665013,1.3228218258600766,4_1,1.9490917318509358
E102,E102/exp3_front_left,front_left,4_8,4,8,2.125,1.3499999999999999,4,0.11583755021421088,PERTURBED,0.01842469411126124,1.5498007517758263,4_0,2.116029267233896,0.015549118169113751,1.6656026045357488,4_0,2.1329294472267133,0.017562021328616995,1.584541307603803,4_0,2.120449117267148,0.5085231025600413,1.4618848321197262,4_2,1.6203443385946008
E102,E102/exp2_front_right,front_right,4_6,4,6,1.625,1.3499999999999999,0,0.6119923861346496,PERTURBED,2.0143751567844816,0.9094960166241592,3_8,0.5879258219290274,1.7032718492989427,1.4365153832117072,4_6,0.11666787871965864,1.92104416453882,1.0676018266004237,3_7,0.4091343003182513,1.046865249787762,1.3079709875971144,4_4,0.5796604413676414
E102,E102/exp4_back_left,back_left,4_-4,4,-4,-0.875,1.3499999999999999,2,0.32617973983421733,PERTURBED,-0.15554282375585826,1.4334567243901088,4_-1,0.724281473803604,-0.41559311694894996,1.630350268439945,4_-2,0.5381923050444241,-0.2335579117137858,1.4925247876050598,4_-1,0.6570854341003511,0.8634079141637773,1.1755268825291483,3_3,1.7471413636987856
E102,E102/exp4_back_left,back_left,2_0,2,0,0.125,0.75,3,0.4204127057289342,PERTURBED,0.03754474562027843,0.29773919411739086,0_0,0.4606389671491209,0.06719797639472136,0.7171048210385311,2_0,0.06650689236291418,0.04644071485261131,0.423548882193733,1_0,0.33577059668742576,1.3475768930595633,0.5258804726732129,1_5,1.2429496457911549
E102,E102/exp1_back_right,back_right,0_-4,0,-4,-0.875,0.15,2,1.1450315298658185,PERTURBED,0.3396334919895623,-0.29858861066447007,0_1,1.2948228687664725,-0.6649555934026046,0.25086382030456866,0_-3,0.23300678743179196,0.038256766371912165,-0.13375288137375843,0_0,0.956322967941266,-0.16266105070652115,-0.0238623951799507,0_-1,0.7332495558391064
