model,target,feature,importance,importance_mean
xgb,target_cos,signal_minus_a1_abs,0.05469327047467232,0.0387956282744805
xgb,target_sin,signal_minus_a1_abs,0.05162627995014191,0.0387956282744805
xgb,target_radius_m,signal_minus_a1_abs,0.010067334398627281,0.0387956282744805
xgb,target_sin,signal_minus_a2,0.04526248201727867,0.036812158301472664
xgb,target_radius_m,signal_minus_a2,0.044275861233472824,0.036812158301472664
xgb,target_cos,signal_minus_a2,0.020898131653666496,0.036812158301472664
xgb,target_radius_m,signal_minus_a2_sq,0.09902843832969666,0.033009479443232216
xgb,target_sin,signal_minus_a2_sq,0.0,0.033009479443232216
xgb,target_cos,signal_minus_a2_sq,0.0,0.033009479443232216
xgb,target_sin,signal_A1_median_log_abs,0.06661271303892136,0.030860386788845062
xgb,target_radius_m,signal_A1_median_log_abs,0.02596844732761383,0.030860386788845062
xgb,target_cos,signal_A1_median_log_abs,0.0,0.030860386788845062
xgb,target_radius_m,orientation_sin_input,0.040540121495723724,0.029880397021770477
xgb,target_cos,orientation_sin_input,0.030670208856463432,0.029880397021770477
xgb,target_sin,orientation_sin_input,0.018430860713124275,0.029880397021770477
xgb,target_radius_m,a1_minus_a2,0.03863908722996712,0.02852749948700269
xgb,target_cos,a1_minus_a2,0.03195428475737572,0.02852749948700269
xgb,target_sin,a1_minus_a2,0.014989126473665237,0.02852749948700269
xgb,target_sin,signal_A3_median_log_abs,0.0425584614276886,0.026940593495965004
xgb,target_cos,signal_A3_median_log_abs,0.029611721634864807,0.026940593495965004
xgb,target_radius_m,signal_A3_median_log_abs,0.008651597425341606,0.026940593495965004
xgb,target_radius_m,signal_A1_median,0.0314764603972435,0.02492616946498553
xgb,target_sin,signal_A1_median,0.023521745577454567,0.02492616946498553
xgb,target_cos,signal_A1_median,0.019780302420258522,0.02492616946498553
xgb,target_cos,signal_A1_min,0.03373783081769943,0.02466708980500698
xgb,target_sin,signal_A1_min,0.025756027549505234,0.02466708980500698
xgb,target_radius_m,signal_A1_min,0.014507411047816277,0.02466708980500698
xgb,target_cos,ant_median_mean,0.03602997213602066,0.024319739391406376
xgb,target_radius_m,ant_median_mean,0.01873849891126156,0.024319739391406376
xgb,target_sin,ant_median_mean,0.018190747126936913,0.024319739391406376
xgb,target_sin,a2_minus_a3,0.029556958004832268,0.0242930855602026
xgb,target_radius_m,a2_minus_a3,0.023777922615408897,0.0242930855602026
xgb,target_cos,a2_minus_a3,0.01954437606036663,0.0242930855602026
xgb,target_cos,a1_minus_a3_abs,0.026173463091254234,0.023517247910300892
xgb,target_radius_m,a1_minus_a3_abs,0.025500673800706863,0.023517247910300892
xgb,target_sin,a1_minus_a3_abs,0.018877606838941574,0.023517247910300892
xgb,target_sin,a2_over_a3_mw,0.03245512396097183,0.022957053656379383
xgb,target_cos,a2_over_a3_mw,0.01956254057586193,0.022957053656379383
xgb,target_radius_m,a2_over_a3_mw,0.016853496432304382,0.022957053656379383
xgb,target_sin,ant_median_range,0.027229730039834976,0.022738867128888767
xgb,target_cos,ant_median_range,0.024213476106524467,0.022738867128888767
xgb,target_radius_m,ant_median_range,0.016773395240306854,0.022738867128888767
xgb,target_radius_m,orientation_cos_input,0.029322337359189987,0.02235736884176731
xgb,target_sin,orientation_cos_input,0.022286325693130493,0.02235736884176731
xgb,target_cos,orientation_cos_input,0.015463443472981453,0.02235736884176731
xgb,target_radius_m,ant_median_std,0.028168542310595512,0.021859924619396526
xgb,target_cos,ant_median_std,0.019871583208441734,0.021859924619396526
xgb,target_sin,ant_median_std,0.017539648339152336,0.021859924619396526
xgb,target_cos,a1_minus_a2_abs,0.03809699788689613,0.02148389412711064
xgb,target_radius_m,a1_minus_a2_abs,0.013309265486896038,0.02148389412711064
xgb,target_sin,a1_minus_a2_abs,0.01304541900753975,0.02148389412711064
xgb,target_cos,signal_minus_a1,0.030214600265026093,0.021438151597976685
xgb,target_radius_m,signal_minus_a1,0.018514104187488556,0.021438151597976685
xgb,target_sin,signal_minus_a1,0.015585750341415405,0.021438151597976685
xgb,target_radius_m,ant_median_min,0.02572760544717312,0.02113868451366822
xgb,target_sin,ant_median_min,0.023459935560822487,0.02113868451366822
xgb,target_cos,ant_median_min,0.014228512533009052,0.02113868451366822
xgb,target_radius_m,signal_minus_a3_abs,0.033120740205049515,0.020889584285517532
xgb,target_cos,signal_minus_a3_abs,0.016857188194990158,0.020889584285517532
xgb,target_sin,signal_minus_a3_abs,0.012690824456512928,0.020889584285517532
xgb,target_cos,signal_A3_median,0.023769930005073547,0.020344413506488006
xgb,target_radius_m,signal_A3_median,0.02242797240614891,0.020344413506488006
xgb,target_sin,signal_A3_median,0.014835338108241558,0.020344413506488006
xgb,target_sin,signal_A1_mean,0.024057114496827126,0.020286268865068752
xgb,target_cos,signal_A1_mean,0.018971573561429977,0.020286268865068752
xgb,target_radius_m,signal_A1_mean,0.017830118536949158,0.020286268865068752
xgb,target_cos,a1_over_a2_mw,0.025302443653345108,0.020042360449830692
xgb,target_radius_m,a1_over_a2_mw,0.021012110635638237,0.020042360449830692
xgb,target_sin,a1_over_a2_mw,0.013812527060508728,0.020042360449830692
xgb,target_cos,signal_A2_mean,0.02389826998114586,0.019758458559711773
xgb,target_radius_m,signal_A2_mean,0.019273072481155396,0.019758458559711773
xgb,target_sin,signal_A2_mean,0.01610403321683407,0.019758458559711773
xgb,target_cos,a1_over_a3_mw,0.019733857363462448,0.019624062503377598
xgb,target_radius_m,a1_over_a3_mw,0.019669493660330772,0.019624062503377598
xgb,target_sin,a1_over_a3_mw,0.01946883648633957,0.019624062503377598
xgb,target_radius_m,signal_minus_a2_abs,0.0495777502655983,0.019418812977770965
xgb,target_sin,signal_minus_a2_abs,0.008678688667714596,0.019418812977770965
xgb,target_cos,signal_minus_a2_abs,0.0,0.019418812977770965
xgb,target_cos,signal_minus_a3,0.020805271342396736,0.0186546112721165
xgb,target_radius_m,signal_minus_a3,0.019696423783898354,0.0186546112721165
xgb,target_sin,signal_minus_a3,0.015462138690054417,0.0186546112721165
xgb,target_cos,ant_median_max,0.023769265040755272,0.01785591896623373
xgb,target_sin,ant_median_max,0.017492637038230896,0.01785591896623373
xgb,target_radius_m,ant_median_max,0.012305854819715023,0.01785591896623373
xgb,target_cos,signal_A3_max,0.01873059757053852,0.01783551772435506
xgb,target_sin,signal_A3_max,0.018417349085211754,0.01783551772435506
xgb,target_radius_m,signal_A3_max,0.01635860651731491,0.01783551772435506
xgb,target_cos,a2_minus_a3_abs,0.01844133622944355,0.01725688949227333
xgb,target_radius_m,a2_minus_a3_abs,0.01707494631409645,0.01725688949227333
xgb,target_sin,a2_minus_a3_abs,0.01625438593327999,0.01725688949227333
xgb,target_cos,signal_A2_median,0.02115655690431595,0.016974734452863533
xgb,target_sin,signal_A2_median,0.017286391928792,0.016974734452863533
xgb,target_radius_m,signal_A2_median,0.012481254525482655,0.016974734452863533
xgb,target_cos,signal_minus_ant_mean,0.02020762301981449,0.016088664221266907
xgb,target_radius_m,signal_minus_ant_mean,0.014383151195943356,0.016088664221266907
xgb,target_sin,signal_minus_ant_mean,0.01367521844804287,0.016088664221266907
xgb,target_cos,a1_minus_a3,0.020327728241682053,0.015982857594887417
xgb,target_sin,a1_minus_a3,0.016495369374752045,0.015982857594887417
xgb,target_radius_m,a1_minus_a3,0.01112547516822815,0.015982857594887417
xgb,target_sin,signal_A1_max,0.016912290826439857,0.015821772006650765
xgb,target_radius_m,signal_A1_max,0.016542885452508926,0.015821772006650765
xgb,target_cos,signal_A1_max,0.014010139741003513,0.015821772006650765
xgb,target_sin,Signal_max,0.015687376260757446,0.015359441749751568
xgb,target_radius_m,Signal_max,0.015609967522323132,0.015359441749751568
xgb,target_cos,Signal_max,0.014780981466174126,0.015359441749751568
xgb,target_cos,a2_minus_a3_sq,0.01907622255384922,0.015159270726144314
xgb,target_sin,a2_minus_a3_sq,0.014972524717450142,0.015159270726144314
xgb,target_radius_m,a2_minus_a3_sq,0.01142906490713358,0.015159270726144314
xgb,target_cos,signal_A3_mean,0.017654236406087875,0.014799868067105612
xgb,target_sin,signal_A3_mean,0.01414490770548582,0.014799868067105612
xgb,target_radius_m,signal_A3_mean,0.012600460089743137,0.014799868067105612
xgb,target_cos,signal_A2_max,0.015004062093794346,0.014047147085269293
xgb,target_sin,signal_A2_max,0.014578204602003098,0.014047147085269293
xgb,target_radius_m,signal_A2_max,0.012559174560010433,0.014047147085269293
xgb,target_sin,Signal_min,0.015739435330033302,0.013802427798509598
xgb,target_cos,Signal_min,0.014036409556865692,0.013802427798509598
xgb,target_radius_m,Signal_min,0.011631438508629799,0.013802427798509598
xgb,target_sin,signal_A2_min,0.020619196817278862,0.0137914860000213
xgb,target_cos,signal_A2_min,0.010646105743944645,0.0137914860000213
xgb,target_radius_m,signal_A2_min,0.01010915543884039,0.0137914860000213
xgb,target_cos,Signal_median,0.017704332247376442,0.0134864067658782
xgb,target_sin,Signal_median,0.012613613158464432,0.0134864067658782
xgb,target_radius_m,Signal_median,0.010141274891793728,0.0134864067658782
xgb,target_cos,Signal_mean,0.016620421782135963,0.012475830192367235
xgb,target_sin,Signal_mean,0.011917788535356522,0.012475830192367235
xgb,target_radius_m,Signal_mean,0.008889280259609222,0.012475830192367235
xgb,target_cos,a1_minus_a3_sq,0.024219391867518425,0.012308276258409023
xgb,target_sin,a1_minus_a3_sq,0.012705436907708645,0.012308276258409023
xgb,target_radius_m,a1_minus_a3_sq,0.0,0.012308276258409023
xgb,target_cos,a1_minus_a2_sq,0.015987975522875786,0.01173117725799481
xgb,target_sin,a1_minus_a2_sq,0.011578419245779514,0.01173117725799481
xgb,target_radius_m,a1_minus_a2_sq,0.007627137005329132,0.01173117725799481
xgb,target_sin,signal_A3_min,0.014587894082069397,0.01152059156447649
xgb,target_cos,signal_A3_min,0.011942917481064796,0.01152059156447649
xgb,target_radius_m,signal_A3_min,0.008030963130295277,0.01152059156447649
xgb,target_sin,noise_minus_signal,0.022012395784258842,0.010396318199733892
xgb,target_radius_m,noise_minus_signal,0.009176558814942837,0.010396318199733892
xgb,target_cos,noise_minus_signal,0.0,0.010396318199733892
xgb,target_cos,signal_A3_std,0.013375062495470047,0.009846833689759174
xgb,target_radius_m,signal_A3_std,0.011009898968040943,0.009846833689759174
xgb,target_sin,signal_A3_std,0.005155539605766535,0.009846833689759174
xgb,target_cos,signal_A1_std,0.013873958960175514,0.00980515390013655
xgb,target_radius_m,signal_A1_std,0.00822751596570015,0.00980515390013655
xgb,target_sin,signal_A1_std,0.007313986774533987,0.00980515390013655
xgb,target_radius_m,signal_A2_std,0.010189929977059364,0.00908568532516559
xgb,target_cos,signal_A2_std,0.009397360496222973,0.00908568532516559
xgb,target_sin,signal_A2_std,0.007669765502214432,0.00908568532516559
xgb,target_cos,Signal_std,0.012275696732103825,0.008523949732383093
xgb,target_radius_m,Signal_std,0.007651208434253931,0.008523949732383093
xgb,target_sin,Signal_std,0.005644944030791521,0.008523949732383093
xgb,target_sin,signal_minus_a3_sq,0.013166102580726147,0.00852085587879022
xgb,target_radius_m,signal_minus_a3_sq,0.012396465055644512,0.00852085587879022
xgb,target_cos,signal_minus_a3_sq,0.0,0.00852085587879022
xgb,target_cos,signal_A3_median_mw,0.022678421810269356,0.007559473936756452
xgb,target_radius_m,signal_A3_median_mw,0.0,0.007559473936756452
xgb,target_sin,signal_A3_median_mw,0.0,0.007559473936756452
xgb,target_sin,Signal_median_log_abs,0.013114869594573975,0.004371623198191325
xgb,target_radius_m,Signal_median_log_abs,0.0,0.004371623198191325
xgb,target_cos,Signal_median_log_abs,0.0,0.004371623198191325
xgb,target_sin,signal_minus_a1_sq,0.011183652095496655,0.003727884031832218
xgb,target_radius_m,signal_minus_a1_sq,0.0,0.003727884031832218
xgb,target_cos,signal_minus_a1_sq,0.0,0.003727884031832218
xgb,target_sin,signal_A2_median_log_abs,0.006965799257159233,0.0023219330857197442
xgb,target_radius_m,signal_A2_median_log_abs,0.0,0.0023219330857197442
xgb,target_cos,signal_A2_median_log_abs,0.0,0.0023219330857197442
xgb,target_radius_m,Noise_mean,0.0,0.0
xgb,target_radius_m,Noise_std,0.0,0.0
xgb,target_radius_m,Noise_median,0.0,0.0
xgb,target_radius_m,Noise_min,0.0,0.0
xgb,target_radius_m,Noise_max,0.0,0.0
xgb,target_radius_m,Signal_median_mw,0.0,0.0
xgb,target_radius_m,Noise_median_log_abs,0.0,0.0
xgb,target_radius_m,Noise_median_mw,0.0,0.0
xgb,target_radius_m,signal_A1_median_mw,0.0,0.0
xgb,target_radius_m,signal_A2_median_mw,0.0,0.0
xgb,target_sin,Noise_mean,0.0,0.0
xgb,target_sin,Noise_std,0.0,0.0
xgb,target_sin,Noise_median,0.0,0.0
xgb,target_sin,Noise_min,0.0,0.0
xgb,target_sin,Noise_max,0.0,0.0
xgb,target_sin,Signal_median_mw,0.0,0.0
xgb,target_sin,Noise_median_log_abs,0.0,0.0
xgb,target_sin,Noise_median_mw,0.0,0.0
xgb,target_sin,signal_A1_median_mw,0.0,0.0
xgb,target_sin,signal_A2_median_mw,0.0,0.0
xgb,target_cos,Noise_mean,0.0,0.0
xgb,target_cos,Noise_std,0.0,0.0
xgb,target_cos,Noise_median,0.0,0.0
xgb,target_cos,Noise_min,0.0,0.0
xgb,target_cos,Noise_max,0.0,0.0
xgb,target_cos,Signal_median_mw,0.0,0.0
xgb,target_cos,Noise_median_log_abs,0.0,0.0
xgb,target_cos,Noise_median_mw,0.0,0.0
xgb,target_cos,signal_A1_median_mw,0.0,0.0
xgb,target_cos,signal_A2_median_mw,0.0,0.0
rf,target_cos,ant_median_mean,0.09157034857352361,0.06496486331366616
rf,target_sin,ant_median_mean,0.06245482091445266,0.06496486331366616
rf,target_radius_m,ant_median_mean,0.0408694204530222,0.06496486331366616
rf,target_radius_m,orientation_sin_input,0.08689476177044189,0.056619758426122574
rf,target_cos,orientation_sin_input,0.050401134107127134,0.056619758426122574
rf,target_sin,orientation_sin_input,0.032563379400798696,0.056619758426122574
rf,target_radius_m,ant_median_std,0.058970346930751434,0.05278485997574441
rf,target_cos,ant_median_std,0.05598704249756496,0.05278485997574441
rf,target_sin,ant_median_std,0.04339719049891685,0.05278485997574441
rf,target_radius_m,orientation_cos_input,0.05106872530157406,0.040944887485317764
rf,target_sin,orientation_cos_input,0.040139081272086215,0.040944887485317764
rf,target_cos,orientation_cos_input,0.03162685588229301,0.040944887485317764
rf,target_sin,signal_minus_ant_mean,0.039998050230593364,0.036488514096077486
rf,target_cos,signal_minus_ant_mean,0.03820759053143322,0.036488514096077486
rf,target_radius_m,signal_minus_ant_mean,0.03125990152620588,0.036488514096077486
rf,target_sin,signal_A1_mean,0.04673986703620976,0.03072524721888073
rf,target_radius_m,signal_A1_mean,0.022782637775073444,0.03072524721888073
rf,target_cos,signal_A1_mean,0.022653236845358988,0.03072524721888073
rf,target_radius_m,ant_median_min,0.041905474030118135,0.02931529523737195
rf,target_cos,ant_median_min,0.023339188730756754,0.02931529523737195
rf,target_sin,ant_median_min,0.022701222951240965,0.02931529523737195
rf,target_sin,signal_A2_mean,0.032720887130647615,0.027694722047125087
rf,target_radius_m,signal_A2_mean,0.0262884760805438,0.027694722047125087
rf,target_cos,signal_A2_mean,0.024074802930183846,0.027694722047125087
rf,target_radius_m,a1_minus_a2,0.03230685446755222,0.023990946190046613
rf,target_cos,a1_minus_a2,0.02564720928717187,0.023990946190046613
rf,target_sin,a1_minus_a2,0.014018774815415736,0.023990946190046613
rf,target_sin,signal_A1_min,0.03147206873941269,0.02350488044398459
rf,target_cos,signal_A1_min,0.020101942563560755,0.02350488044398459
rf,target_radius_m,signal_A1_min,0.018940630028980335,0.02350488044398459
rf,target_cos,a1_minus_a3_sq,0.026391146084751387,0.02328289160953033
rf,target_sin,a1_minus_a3_sq,0.023977406806383387,0.02328289160953033
rf,target_radius_m,a1_minus_a3_sq,0.019480121937456216,0.02328289160953033
rf,target_radius_m,a1_over_a2_mw,0.02997082552563046,0.023073655666761356
rf,target_cos,a1_over_a2_mw,0.023839012660243988,0.023073655666761356
rf,target_sin,a1_over_a2_mw,0.01541112881440962,0.023073655666761356
rf,target_radius_m,signal_A3_max,0.025611636471284553,0.02288334587872272
rf,target_sin,signal_A3_max,0.02394194862511187,0.02288334587872272
rf,target_cos,signal_A3_max,0.019096452539771738,0.02288334587872272
rf,target_sin,signal_A3_mean,0.02514510448906858,0.02255695710339739
rf,target_cos,signal_A3_mean,0.022872879463724984,0.02255695710339739
rf,target_radius_m,signal_A3_mean,0.01965288735739861,0.02255695710339739
rf,target_sin,a1_over_a3_mw,0.02994759647648704,0.022281193231866326
rf,target_radius_m,a1_over_a3_mw,0.018817012987027405,0.022281193231866326
rf,target_cos,a1_over_a3_mw,0.018078970232084542,0.022281193231866326
rf,target_cos,a1_minus_a3_abs,0.025498342333616853,0.021815777542052318
rf,target_sin,a1_minus_a3_abs,0.022306833480988438,0.021815777542052318
rf,target_radius_m,a1_minus_a3_abs,0.017642156811551662,0.021815777542052318
rf,target_sin,signal_A2_max,0.0217424714825937,0.021010799219852938
rf,target_cos,signal_A2_max,0.021624249167123483,0.021010799219852938
rf,target_radius_m,signal_A2_max,0.019665677009841627,0.021010799219852938
rf,target_sin,signal_A1_max,0.023351217333175488,0.01982435952205781
rf,target_radius_m,signal_A1_max,0.020971804497762408,0.01982435952205781
rf,target_cos,signal_A1_max,0.015150056735235538,0.01982435952205781
rf,target_sin,a2_over_a3_mw,0.024712477968288328,0.019660018584890256
rf,target_radius_m,a2_over_a3_mw,0.021114772457433404,0.019660018584890256
rf,target_cos,a2_over_a3_mw,0.013152805328949035,0.019660018584890256
rf,target_sin,a1_minus_a3,0.02252954513835479,0.01935721961561357
rf,target_cos,a1_minus_a3,0.017992383616667905,0.01935721961561357
rf,target_radius_m,a1_minus_a3,0.017549730091818014,0.01935721961561357
rf,target_sin,signal_A2_min,0.025015587759397984,0.017727418258989498
rf,target_cos,signal_A2_min,0.014643630291840624,0.017727418258989498
rf,target_radius_m,signal_A2_min,0.01352303672572989,0.017727418258989498
rf,target_radius_m,a2_minus_a3,0.020600009973103833,0.017637348833149567
rf,target_sin,a2_minus_a3,0.01746092803642228,0.017637348833149567
rf,target_cos,a2_minus_a3,0.01485110848992259,0.017637348833149567
rf,target_sin,Signal_mean,0.019144802153882347,0.017002380628720365
rf,target_cos,Signal_mean,0.016100861677733037,0.017002380628720365
rf,target_radius_m,Signal_mean,0.015761478054545714,0.017002380628720365
rf,target_cos,ant_median_max,0.020752775336653595,0.016886108436680074
rf,target_sin,ant_median_max,0.017577335197327834,0.016886108436680074
rf,target_radius_m,ant_median_max,0.012328214776058798,0.016886108436680074
rf,target_sin,signal_A3_min,0.019274182124637298,0.01671201486260036
rf,target_cos,signal_A3_min,0.015731606346599928,0.01671201486260036
rf,target_radius_m,signal_A3_min,0.015130256116563854,0.01671201486260036
rf,target_radius_m,ant_median_range,0.018373551175122224,0.015374043651424705
rf,target_cos,ant_median_range,0.016100556952989002,0.015374043651424705
rf,target_sin,ant_median_range,0.011648022826162887,0.015374043651424705
rf,target_cos,a2_minus_a3_sq,0.016965092839770535,0.015242389724304481
rf,target_sin,a2_minus_a3_sq,0.014448248328805296,0.015242389724304481
rf,target_radius_m,a2_minus_a3_sq,0.01431382800433761,0.015242389724304481
rf,target_cos,a2_minus_a3_abs,0.01691949905019017,0.014748982798649673
rf,target_radius_m,a2_minus_a3_abs,0.013707224421018792,0.014748982798649673
rf,target_sin,a2_minus_a3_abs,0.013620224924740056,0.014748982798649673
rf,target_cos,a1_minus_a2_abs,0.023158486059219947,0.01471708842819653
rf,target_radius_m,a1_minus_a2_abs,0.011064124004759151,0.01471708842819653
rf,target_sin,a1_minus_a2_abs,0.00992865522061049,0.01471708842819653
rf,target_cos,a1_minus_a2_sq,0.021563958760968643,0.014398468801252806
rf,target_radius_m,a1_minus_a2_sq,0.011409827035869211,0.014398468801252806
rf,target_sin,a1_minus_a2_sq,0.010221620606920567,0.014398468801252806
rf,target_radius_m,Signal_max,0.018063440480547813,0.013698015784763443
rf,target_sin,Signal_max,0.011593883125903837,0.013698015784763443
rf,target_cos,Signal_max,0.011436723747838676,0.013698015784763443
rf,target_cos,signal_A3_median_log_abs,0.014790738746617125,0.012764762660100001
rf,target_radius_m,signal_A3_median_log_abs,0.01180589915742533,0.012764762660100001
rf,target_sin,signal_A3_median_log_abs,0.011697650076257553,0.012764762660100001
rf,target_sin,signal_minus_a2_sq,0.013978224329980688,0.011695383582922575
rf,target_radius_m,signal_minus_a2_sq,0.013657232818471482,0.011695383582922575
rf,target_cos,signal_minus_a2_sq,0.007450693600315555,0.011695383582922575
rf,target_radius_m,signal_A1_median_log_abs,0.013472930919918283,0.011669276595362528
rf,target_sin,signal_A1_median_log_abs,0.01180677475739154,0.011669276595362528
rf,target_cos,signal_A1_median_log_abs,0.00972812410877776,0.011669276595362528
rf,target_radius_m,signal_minus_a2,0.013087042453025641,0.01120833356836086
rf,target_sin,signal_minus_a2,0.012242743324061639,0.01120833356836086
rf,target_cos,signal_minus_a2,0.008295214927995299,0.01120833356836086
rf,target_radius_m,signal_minus_a2_abs,0.013867741374787228,0.010819113420181393
rf,target_sin,signal_minus_a2_abs,0.011595156692231044,0.010819113420181393
rf,target_cos,signal_minus_a2_abs,0.006994442193525908,0.010819113420181393
rf,target_sin,signal_minus_a3_sq,0.01293064945934885,0.010683132306847332
rf,target_cos,signal_minus_a3_sq,0.01013856568902385,0.010683132306847332
rf,target_radius_m,signal_minus_a3_sq,0.008980181772169296,0.010683132306847332
rf,target_sin,signal_minus_a3_abs,0.012259510782592688,0.010542696473407297
rf,target_cos,signal_minus_a3_abs,0.010723679904684497,0.010542696473407297
rf,target_radius_m,signal_minus_a3_abs,0.008644898732944706,0.010542696473407297
rf,target_sin,signal_A2_median_log_abs,0.011067491913914622,0.010457988256309942
rf,target_cos,signal_A2_median_log_abs,0.01094327018984984,0.010457988256309942
rf,target_radius_m,signal_A2_median_log_abs,0.009363202665165363,0.010457988256309942
rf,target_cos,signal_minus_a1_sq,0.014541283482587,0.01010406971843518
rf,target_sin,signal_minus_a1_sq,0.00933194664724215,0.01010406971843518
rf,target_radius_m,signal_minus_a1_sq,0.0064389790254763875,0.01010406971843518
rf,target_sin,signal_minus_a3,0.011340360513913674,0.009909086076828178
rf,target_cos,signal_minus_a3,0.010440537318487843,0.009909086076828178
rf,target_radius_m,signal_minus_a3,0.007946360398083016,0.009909086076828178
rf,target_cos,signal_minus_a1,0.013606749200999113,0.009738389349301463
rf,target_sin,signal_minus_a1,0.008702283575137497,0.009738389349301463
rf,target_radius_m,signal_minus_a1,0.006906135271767781,0.009738389349301463
rf,target_sin,Signal_min,0.011134741487871955,0.009304746981300774
rf,target_radius_m,Signal_min,0.008576407593039601,0.009304746981300774
rf,target_cos,Signal_min,0.008203091862990767,0.009304746981300774
rf,target_cos,signal_minus_a1_abs,0.012716556989263562,0.009181677688260524
rf,target_sin,signal_minus_a1_abs,0.007963440105974821,0.009181677688260524
rf,target_radius_m,signal_minus_a1_abs,0.006865035969543188,0.009181677688260524
rf,target_radius_m,signal_A1_median,0.010323645530374684,0.007869736004568223
rf,target_cos,signal_A1_median,0.0069983942626384655,0.007869736004568223
rf,target_sin,signal_A1_median,0.006287168220691519,0.007869736004568223
rf,target_radius_m,signal_A1_median_mw,0.008514461769283615,0.007829616006781686
rf,target_sin,signal_A1_median_mw,0.0081032393892121,0.007829616006781686
rf,target_cos,signal_A1_median_mw,0.006871146861849342,0.007829616006781686
rf,target_cos,signal_A3_std,0.00853384941620985,0.0076152092884224296
rf,target_sin,signal_A3_std,0.0076391631618385036,0.0076152092884224296
rf,target_radius_m,signal_A3_std,0.006672615287218938,0.0076152092884224296
rf,target_sin,signal_A2_std,0.008711687207824198,0.007326161396113532
rf,target_cos,signal_A2_std,0.0067493039581622205,0.007326161396113532
rf,target_radius_m,signal_A2_std,0.0065174930223541785,0.007326161396113532
rf,target_sin,signal_A1_std,0.00725983717192751,0.006770374677580789
rf,target_cos,signal_A1_std,0.006699462980765958,0.006770374677580789
rf,target_radius_m,signal_A1_std,0.0063518238800489004,0.006770374677580789
rf,target_cos,signal_A3_median,0.008061236550931859,0.006754216352589799
rf,target_radius_m,signal_A3_median,0.006188039697925014,0.006754216352589799
rf,target_sin,signal_A3_median,0.006013372808912526,0.006754216352589799
rf,target_cos,signal_A3_median_mw,0.007876706688088675,0.006746391093135126
rf,target_sin,signal_A3_median_mw,0.006390978873893073,0.006746391093135126
rf,target_radius_m,signal_A3_median_mw,0.005971487717423631,0.006746391093135126
rf,target_cos,signal_A2_median,0.006191725556975047,0.0058978975665320635
rf,target_sin,signal_A2_median,0.0058224436557295384,0.0058978975665320635
rf,target_radius_m,signal_A2_median,0.005679523486891604,0.0058978975665320635
rf,target_cos,signal_A2_median_mw,0.006167842388877348,0.00575702059654126
rf,target_radius_m,signal_A2_median_mw,0.005771215411551854,0.00575702059654126
rf,target_sin,signal_A2_median_mw,0.005332003989194579,0.00575702059654126
rf,target_cos,Signal_median_log_abs,0.006106776067749285,0.005557356430480401
rf,target_radius_m,Signal_median_log_abs,0.0053912306006195735,0.005557356430480401
rf,target_sin,Signal_median_log_abs,0.005174062623072344,0.005557356430480401
rf,target_sin,noise_minus_signal,0.005998743278729702,0.0052278671650578005
rf,target_cos,noise_minus_signal,0.004852632198798129,0.0052278671650578005
rf,target_radius_m,noise_minus_signal,0.004832226017645571,0.0052278671650578005
rf,target_radius_m,Signal_std,0.004536282217367802,0.004373681547109812
rf,target_sin,Signal_std,0.004440889952399465,0.004373681547109812
rf,target_cos,Signal_std,0.0041438724715621685,0.004373681547109812
rf,target_radius_m,Signal_median_mw,0.004081769239283912,0.003845216266429716
rf,target_sin,Signal_median_mw,0.0037647276430408413,0.003845216266429716
rf,target_cos,Signal_median_mw,0.003689151916964394,0.003845216266429716
rf,target_sin,Signal_median,0.0038061444481687842,0.003426146313225483
rf,target_radius_m,Signal_median,0.0035172936910687854,0.003426146313225483
rf,target_cos,Signal_median,0.00295500080043888,0.003426146313225483
rf,target_radius_m,Noise_mean,0.0,0.0
rf,target_radius_m,Noise_std,0.0,0.0
rf,target_radius_m,Noise_median,0.0,0.0
rf,target_radius_m,Noise_min,0.0,0.0
rf,target_radius_m,Noise_max,0.0,0.0
rf,target_radius_m,Noise_median_log_abs,0.0,0.0
rf,target_radius_m,Noise_median_mw,0.0,0.0
rf,target_sin,Noise_mean,0.0,0.0
rf,target_sin,Noise_std,0.0,0.0
rf,target_sin,Noise_median,0.0,0.0
rf,target_sin,Noise_min,0.0,0.0
rf,target_sin,Noise_max,0.0,0.0
rf,target_sin,Noise_median_log_abs,0.0,0.0
rf,target_sin,Noise_median_mw,0.0,0.0
rf,target_cos,Noise_mean,0.0,0.0
rf,target_cos,Noise_std,0.0,0.0
rf,target_cos,Noise_median,0.0,0.0
rf,target_cos,Noise_min,0.0,0.0
rf,target_cos,Noise_max,0.0,0.0
rf,target_cos,Noise_median_log_abs,0.0,0.0
rf,target_cos,Noise_median_mw,0.0,0.0
xgb_cell,grid_cell,signal_A2_median_mw,0.0284012071788311,0.0284012071788311
xgb_cell,grid_cell,Signal_median_log_abs,0.02734728530049324,0.02734728530049324
xgb_cell,grid_cell,a2_minus_a3,0.025479493662714958,0.025479493662714958
xgb_cell,grid_cell,signal_minus_a2_sq,0.024840472266077995,0.024840472266077995
xgb_cell,grid_cell,signal_A3_median_log_abs,0.023658260703086853,0.023658260703086853
xgb_cell,grid_cell,signal_A3_max,0.02332434058189392,0.02332434058189392
xgb_cell,grid_cell,noise_minus_signal,0.022887032479047775,0.022887032479047775
xgb_cell,grid_cell,a1_minus_a3_sq,0.021832983940839767,0.021832983940839767
xgb_cell,grid_cell,signal_A3_median,0.021776773035526276,0.021776773035526276
xgb_cell,grid_cell,a1_minus_a3,0.02101566456258297,0.02101566456258297
xgb_cell,grid_cell,Signal_median,0.021000392735004425,0.021000392735004425
xgb_cell,grid_cell,a1_minus_a2_sq,0.020136142149567604,0.020136142149567604
xgb_cell,grid_cell,ant_median_range,0.020118670538067818,0.020118670538067818
xgb_cell,grid_cell,a1_minus_a3_abs,0.01973377913236618,0.01973377913236618
xgb_cell,grid_cell,signal_A3_median_mw,0.01960836350917816,0.01960836350917816
xgb_cell,grid_cell,Signal_max,0.01916397735476494,0.01916397735476494
xgb_cell,grid_cell,a1_minus_a2,0.018575120717287064,0.018575120717287064
xgb_cell,grid_cell,signal_minus_a3,0.018534373492002487,0.018534373492002487
xgb_cell,grid_cell,signal_A2_median_log_abs,0.018046705052256584,0.018046705052256584
xgb_cell,grid_cell,signal_A2_max,0.018020043149590492,0.018020043149590492
xgb_cell,grid_cell,signal_minus_a1,0.01798570714890957,0.01798570714890957
xgb_cell,grid_cell,signal_minus_a2_abs,0.01791369542479515,0.01791369542479515
xgb_cell,grid_cell,a2_over_a3_mw,0.01790289394557476,0.01790289394557476
xgb_cell,grid_cell,signal_minus_a3_abs,0.01789851114153862,0.01789851114153862
xgb_cell,grid_cell,a1_minus_a2_abs,0.017752908170223236,0.017752908170223236
xgb_cell,grid_cell,ant_median_std,0.017603257670998573,0.017603257670998573
xgb_cell,grid_cell,signal_A3_mean,0.017582954838871956,0.017582954838871956
xgb_cell,grid_cell,signal_A2_median,0.017387311905622482,0.017387311905622482
xgb_cell,grid_cell,signal_A1_min,0.017176540568470955,0.017176540568470955
xgb_cell,grid_cell,ant_median_min,0.017110172659158707,0.017110172659158707
xgb_cell,grid_cell,Signal_mean,0.01702488772571087,0.01702488772571087
xgb_cell,grid_cell,signal_minus_a2,0.017021529376506805,0.017021529376506805
xgb_cell,grid_cell,signal_minus_a3_sq,0.016832103952765465,0.016832103952765465
xgb_cell,grid_cell,a1_over_a2_mw,0.016722042113542557,0.016722042113542557
xgb_cell,grid_cell,signal_A1_median_log_abs,0.01654665917158127,0.01654665917158127
xgb_cell,grid_cell,a2_minus_a3_abs,0.01650644838809967,0.01650644838809967
xgb_cell,grid_cell,signal_A2_min,0.016356589272618294,0.016356589272618294
xgb_cell,grid_cell,signal_A1_median,0.016134733334183693,0.016134733334183693
xgb_cell,grid_cell,signal_A1_mean,0.01612507924437523,0.01612507924437523
xgb_cell,grid_cell,signal_A1_max,0.016093112528324127,0.016093112528324127
xgb_cell,grid_cell,ant_median_max,0.01580512337386608,0.01580512337386608
xgb_cell,grid_cell,a1_over_a3_mw,0.015698784962296486,0.015698784962296486
xgb_cell,grid_cell,a2_minus_a3_sq,0.015659289434552193,0.015659289434552193
xgb_cell,grid_cell,signal_minus_a1_abs,0.015598902478814125,0.015598902478814125
xgb_cell,grid_cell,ant_median_mean,0.015272784978151321,0.015272784978151321
xgb_cell,grid_cell,signal_A3_min,0.014780395664274693,0.014780395664274693
xgb_cell,grid_cell,signal_A2_mean,0.01456329133361578,0.01456329133361578
xgb_cell,grid_cell,Signal_min,0.014029795303940773,0.014029795303940773
xgb_cell,grid_cell,signal_minus_ant_mean,0.013991281390190125,0.013991281390190125
xgb_cell,grid_cell,signal_A1_median_mw,0.013887304812669754,0.013887304812669754
xgb_cell,grid_cell,signal_minus_a1_sq,0.013314398936927319,0.013314398936927319
xgb_cell,grid_cell,orientation_cos_input,0.012431272305548191,0.012431272305548191
xgb_cell,grid_cell,orientation_sin_input,0.012356353923678398,0.012356353923678398
xgb_cell,grid_cell,Signal_std,0.010102887637913227,0.010102887637913227
xgb_cell,grid_cell,signal_A1_std,0.009657703340053558,0.009657703340053558
xgb_cell,grid_cell,signal_A3_std,0.008871205151081085,0.008871205151081085
xgb_cell,grid_cell,signal_A2_std,0.008801018819212914,0.008801018819212914
xgb_cell,grid_cell,Noise_max,0.0,0.0
xgb_cell,grid_cell,Noise_min,0.0,0.0
xgb_cell,grid_cell,Signal_median_mw,0.0,0.0
xgb_cell,grid_cell,Noise_median_log_abs,0.0,0.0
xgb_cell,grid_cell,Noise_median_mw,0.0,0.0
xgb_cell,grid_cell,Noise_median,0.0,0.0
xgb_cell,grid_cell,Noise_std,0.0,0.0
xgb_cell,grid_cell,Noise_mean,0.0,0.0
rf_cell,grid_cell,ant_median_std,0.027899123406304783,0.027899123406304783
rf_cell,grid_cell,ant_median_mean,0.02785619521643505,0.02785619521643505
rf_cell,grid_cell,signal_A3_mean,0.022990166951864503,0.022990166951864503
rf_cell,grid_cell,signal_A1_mean,0.022980513862281917,0.022980513862281917
rf_cell,grid_cell,a1_minus_a3_abs,0.022296737439337234,0.022296737439337234
rf_cell,grid_cell,a1_minus_a3,0.021803330951424078,0.021803330951424078
rf_cell,grid_cell,a1_over_a3_mw,0.02173138112472224,0.02173138112472224
rf_cell,grid_cell,a1_minus_a3_sq,0.02148135358656167,0.02148135358656167
rf_cell,grid_cell,signal_A1_max,0.021477058277337036,0.021477058277337036
rf_cell,grid_cell,a2_minus_a3,0.02147103337369549,0.02147103337369549
rf_cell,grid_cell,signal_A2_mean,0.021334564712845294,0.021334564712845294
rf_cell,grid_cell,signal_A3_max,0.020847942788260267,0.020847942788260267
rf_cell,grid_cell,signal_minus_ant_mean,0.020843273881431097,0.020843273881431097
rf_cell,grid_cell,a1_over_a2_mw,0.020366489420465626,0.020366489420465626
rf_cell,grid_cell,orientation_cos_input,0.02016472116746767,0.02016472116746767
rf_cell,grid_cell,a1_minus_a2,0.020162369508641958,0.020162369508641958
rf_cell,grid_cell,a2_over_a3_mw,0.019956495412340843,0.019956495412340843
rf_cell,grid_cell,a2_minus_a3_sq,0.019132011620826343,0.019132011620826343
rf_cell,grid_cell,ant_median_min,0.01906907236842625,0.01906907236842625
rf_cell,grid_cell,signal_A2_max,0.019066032592484076,0.019066032592484076
rf_cell,grid_cell,signal_A3_median_mw,0.019002164885392765,0.019002164885392765
rf_cell,grid_cell,a2_minus_a3_abs,0.01888186415294353,0.01888186415294353
rf_cell,grid_cell,ant_median_range,0.018647327164106876,0.018647327164106876
rf_cell,grid_cell,a1_minus_a2_abs,0.01863033271410652,0.01863033271410652
rf_cell,grid_cell,signal_A1_median,0.018629013436412146,0.018629013436412146
rf_cell,grid_cell,signal_A1_median_mw,0.018430754619838854,0.018430754619838854
rf_cell,grid_cell,signal_A3_median,0.018194994115022147,0.018194994115022147
rf_cell,grid_cell,Signal_mean,0.018126314838133116,0.018126314838133116
rf_cell,grid_cell,signal_A3_median_log_abs,0.018076197346043456,0.018076197346043456
rf_cell,grid_cell,signal_A1_min,0.01801934748153401,0.01801934748153401
rf_cell,grid_cell,signal_A3_min,0.017794935900760794,0.017794935900760794
rf_cell,grid_cell,a1_minus_a2_sq,0.017748586815688243,0.017748586815688243
rf_cell,grid_cell,signal_A1_median_log_abs,0.0176297274297327,0.0176297274297327
rf_cell,grid_cell,orientation_sin_input,0.017583117135704217,0.017583117135704217
rf_cell,grid_cell,signal_minus_a3,0.017305988256657363,0.017305988256657363
rf_cell,grid_cell,Signal_max,0.01730120809718427,0.01730120809718427
rf_cell,grid_cell,signal_minus_a3_abs,0.017179888596454397,0.017179888596454397
rf_cell,grid_cell,signal_minus_a3_sq,0.016920855908166426,0.016920855908166426
rf_cell,grid_cell,signal_A2_median_log_abs,0.01641466560045159,0.01641466560045159
rf_cell,grid_cell,signal_A2_median,0.01636208928365798,0.01636208928365798
rf_cell,grid_cell,signal_minus_a1_sq,0.015789574869490248,0.015789574869490248
rf_cell,grid_cell,signal_A2_min,0.015723141076057233,0.015723141076057233
rf_cell,grid_cell,signal_A2_median_mw,0.015703090447714292,0.015703090447714292
rf_cell,grid_cell,signal_minus_a1_abs,0.015552622986955847,0.015552622986955847
rf_cell,grid_cell,ant_median_max,0.015206906134525888,0.015206906134525888
rf_cell,grid_cell,signal_minus_a1,0.015086522224224472,0.015086522224224472
rf_cell,grid_cell,Signal_median,0.013654934480456281,0.013654934480456281
rf_cell,grid_cell,noise_minus_signal,0.013503404216695847,0.013503404216695847
rf_cell,grid_cell,Signal_median_log_abs,0.013457168599939966,0.013457168599939966
rf_cell,grid_cell,Signal_median_mw,0.013353642810745487,0.013353642810745487
rf_cell,grid_cell,Signal_min,0.013038837186420744,0.013038837186420744
rf_cell,grid_cell,signal_minus_a2_abs,0.012406268859992457,0.012406268859992457
rf_cell,grid_cell,signal_minus_a2_sq,0.012168676617321484,0.012168676617321484
rf_cell,grid_cell,signal_minus_a2,0.011825712823304576,0.011825712823304576
rf_cell,grid_cell,signal_A2_std,0.003692449085165986,0.003692449085165986
rf_cell,grid_cell,signal_A3_std,0.003570465196630796,0.003570465196630796
rf_cell,grid_cell,signal_A1_std,0.0033288605763946025,0.0033288605763946025
rf_cell,grid_cell,Signal_std,0.0031284803668189345,0.0031284803668189345
rf_cell,grid_cell,Noise_max,0.0,0.0
rf_cell,grid_cell,Noise_median_log_abs,0.0,0.0
rf_cell,grid_cell,Noise_median_mw,0.0,0.0
rf_cell,grid_cell,Noise_mean,0.0,0.0
rf_cell,grid_cell,Noise_std,0.0,0.0
rf_cell,grid_cell,Noise_median,0.0,0.0
rf_cell,grid_cell,Noise_min,0.0,0.0
