room,campaign,orientation_label,grid_cell,grid_x,grid_y,coord_x_m,coord_y_m,window_id,xgb_rf_agreement_m,arbitration_state,xgb_polar_x_m,xgb_polar_y_m,xgb_polar_pred_cell,xgb_polar_error_m,rf_polar_x_m,rf_polar_y_m,rf_polar_pred_cell,rf_polar_error_m,weighted_xgb_rf_x_m,weighted_xgb_rf_y_m,weighted_xgb_rf_pred_cell,weighted_xgb_rf_error_m,arbitrated_proxy_x_m,arbitrated_proxy_y_m,arbitrated_proxy_pred_cell,arbitrated_proxy_error_m,xgb_cell_classifier_x_m,xgb_cell_classifier_y_m,xgb_cell_classifier_pred_cell,xgb_cell_classifier_error_m,rf_cell_classifier_x_m,rf_cell_classifier_y_m,rf_cell_classifier_pred_cell,rf_cell_classifier_error_m
E101,E101/back,back,0_7,0,7,1.875,0.15,2,0.09581806811229283,STABLE,2.040314394614213,0.17685873841880606,0_8,0.16748206141588276,2.010303519700872,0.26785571399331515,0_8,0.1794352578628804,2.0313111321402104,0.20415783109115881,0_8,0.1654274484462987,1.8261670501461909,0.3281663167210722,1_7,0.18473736331716456,1.875,0.15,0_7,0.0,1.875,0.15,0_7,0.0
E101,E101/right,right,1_-1,1,-1,-0.125,0.44999999999999996,4,0.20954956545983106,PERTURBED,-0.3997829570726368,0.711022427537338,2_-2,0.37899654507009356,-0.5612506420706451,0.5774589329522233,1_-3,0.45448916631353214,-0.44822326257203926,0.6709533791618036,2_-2,0.39152735949194306,0.38235280237396696,0.3838406715350908,1_1,0.5116482412943929,-0.625,0.44999999999999996,1_-3,0.5,-0.625,0.44999999999999996,1_-3,0.5
E101,E101/back,back,3_-1,3,-1,-0.125,1.0499999999999998,3,0.08891185210352162,STABLE,-0.2730440957469771,1.0170731979307603,3_-2,0.1516615593354064,-0.34447793773766167,1.0700120651544591,3_-2,0.22038840238388957,-0.29447424834418245,1.03295485809787,3_-2,0.17032926264822898,-0.3064635315300305,1.043251374070095,3_-2,0.18158897881559924,-0.375,1.0499999999999998,3_-2,0.25,-0.375,1.0499999999999998,3_-2,0.25
E101,E101/back,back,3_4,3,4,1.125,1.0499999999999998,0,0.4279135468833742,PERTURBED,1.321370152884775,0.6275557829224019,2_5,0.46585443379482244,1.2932126496971759,1.0545419169133665,3_5,0.16827395677107235,1.3129229019284954,0.7556516231196913,2_5,0.34922196958567636,0.21036415840903971,0.9403982227459023,3_0,0.9211792834731256,1.125,1.0499999999999998,3_4,0.0,1.125,1.0499999999999998,3_4,0.0
E101,E101/left,left,2_5,2,5,1.375,0.75,2,0.21388183839221914,PERTURBED,1.6290138628644866,0.7708415337362687,2_6,0.2548674401641336,1.4164992945716346,0.7466961603215108,2_5,0.041630599401935836,1.5652594923766308,0.7635979217118414,2_6,0.19074479786954765,0.9164285610526723,0.8807749621698288,2_3,0.476854123761914,1.375,0.75,2_5,0.0,1.375,0.75,2_5,0.0
E101,E101/left,left,2_3,2,3,0.875,0.75,1,0.030540670396262598,STABLE,0.8109189547681637,0.9465585240576324,3_3,0.20674049854278553,0.8375234974704646,0.9615562190756876,3_3,0.21484999900266832,0.8189003175788538,0.951057832563049,3_3,0.20873769760803748,0.7648465566363252,0.9112764909550634,3_3,0.1953046021466288,0.875,0.75,2_3,0.0,0.875,0.75,2_3,0.0
E101,E101/front,front,0_0,0,0,0.125,0.15,4,0.8337536728262164,PERTURBED,1.0241184003843877,-0.02258657817486076,0_4,0.9155326454452006,0.20187624216219968,0.11548231837075473,0_0,0.08426996472076576,0.7774457529177312,0.018834090788823893,0_3,0.6654997792934116,0.910677146663608,0.9703614391836791,3_3,1.1359055725230798,0.125,0.15,0_0,0.0,0.125,0.15,0_0,0.0
E101,E101/back,back,0_9,0,9,2.375,0.15,2,0.255249583160456,PERTURBED,2.1705941292195368,0.4997692371024278,1_8,0.4051176116052396,2.244808161965241,0.2555467421368615,0_8,0.16760080389596593,2.192858339043248,0.4265024886127579,1_8,0.33110302152824395,1.9024738692354306,0.3380646513007867,1_7,0.5085757144459627,2.375,0.15,0_9,0.0,2.375,0.15,0_9,0.0
E101,E101/right,right,1_-2,1,-2,-0.375,0.44999999999999996,3,0.32088262663072853,PERTURBED,-0.33920223009802397,0.5089496551166618,1_-2,0.06896768930686453,-0.31122858251406593,0.1892886860974773,0_-2,0.2683974345722124,-0.3308101358228366,0.4130513644109064,1_-2,0.05760161254593296,0.5980702028603689,0.3187406693576683,1_2,0.9818832066877367,-0.375,0.44999999999999996,1_-2,0.0,-0.375,0.44999999999999996,1_-2,0.0
E101,E101/front,front,1_2,1,2,0.625,0.44999999999999996,2,0.2632641147935845,PERTURBED,0.28289494744162014,0.5156513132263627,1_1,0.34834747295526325,0.517959696378451,0.397107827765059,1_2,0.11939517780515285,0.3534143721226694,0.48008826758797163,1_1,0.2732472453950255,0.9104588046769179,0.3414757896122764,1_3,0.3053919340910195,0.625,0.44999999999999996,1_2,0.0,0.625,0.44999999999999996,1_2,0.0
E101,E101/back,back,3_-4,3,-4,-0.875,1.0499999999999998,0,0.08891185210352162,STABLE,-0.2730440957469771,1.0170731979307603,3_-2,0.6028557745925482,-0.34447793773766167,1.0700120651544591,3_-2,0.5308993702189057,-0.29447424834418245,1.03295485809787,3_-2,0.5807759337283318,-0.021575365206209396,1.0071354474782739,3_-1,0.8545004254743251,-0.375,1.0499999999999998,3_-2,0.5,-0.375,1.0499999999999998,3_-2,0.5
E101,E101/back,back,1_7,1,7,1.875,0.44999999999999996,4,0.44884972342219565,PERTURBED,1.591565782751422,-0.0687127565018697,0_6,0.5910988743561284,1.8431539773543526,0.30299876410600635,1_7,0.15041121139299637,1.6670422411323012,0.04280069968049313,0_6,0.4572282795868732,1.2868837524682084,0.29520193142873336,0_5,0.6081473198529038,2.625,0.15,0_10,0.8077747210701756,2.625,0.15,0_10,0.8077747210701756
E101,E101/right,right,0_-1,0,-1,-0.125,0.15,1,0.5123146478542449,PERTURBED,-0.10790077462486602,0.7791419542733196,2_-1,0.6293742782599884,-0.1627317804247599,0.2697699299050874,0_-1,0.12557278114102532,-0.1243500763648342,0.6263303469628498,2_-1,0.4763307903531751,0.7167638264078545,0.7407054206495919,2_2,1.028347817342753,-0.125,0.15,0_-1,0.0,-0.125,0.15,0_-1,0.0
E101,E101/right,right,2_0,2,0,0.125,0.75,1,0.026214508924530734,STABLE,1.6337777224534347,0.9568450136658306,3_6,1.5228903688217976,1.6403207876317647,0.9314601997758998,3_6,1.526147074672576,1.6357406420069336,0.9492295694988513,3_6,1.5238207600548759,1.584595644604036,0.8581863855091577,2_6,1.463599583136251,2.625,0.75,2_10,2.5,0.375,0.75,2_1,0.25
E101,E101/front,front,3_4,3,4,1.125,1.0499999999999998,4,0.45955173183458314,PERTURBED,1.5999262757165762,1.3359597763385764,4_6,0.5543716813200563,1.1403747882459032,1.3354858610966707,4_4,0.2858995645322217,1.4620608294753743,1.3358176017660046,4_5,0.44192952407131375,0.6056672979330392,1.0411997396208037,3_2,0.5194072583425383,1.125,1.0499999999999998,3_4,0.0,1.125,1.0499999999999998,3_4,0.0
E101,E101/left,left,1_-3,1,-3,-0.625,0.44999999999999996,0,0.2797034325009983,PERTURBED,-0.1363955150653735,0.7555228374768274,2_-1,0.5762625676877889,-0.05710635288925858,1.023752662280577,3_-1,0.8072764779818555,-0.11260876641253903,0.8359917849179523,2_-1,0.6415094966416529,1.041946250237111,0.8700828489510061,2_4,1.71906352446975,0.375,0.44999999999999996,1_1,1.0,0.375,0.44999999999999996,1_1,1.0
E101,E101/right,right,2_3,2,3,0.875,0.75,3,0.026214508924530734,STABLE,1.6337777224534347,0.9568450136658306,3_6,0.78646582365036,1.6403207876317647,0.9314601997758998,3_6,0.7865390721915944,1.6357406420069336,0.9492295694988513,3_6,0.7863960489243439,1.6265585329548868,0.9269593624785237,3_6,0.7721106426064255,2.625,0.75,2_10,1.75,0.375,0.75,2_1,0.5
E101,E101/back,back,3_2,3,2,0.625,1.0499999999999998,3,0.998783219441591,PERTURBED,0.4560772324813522,0.45269141740824365,1_1,0.6207354059693485,1.3716584020030989,0.8517892017359694,2_5,0.772519443011168,0.7307515833378762,0.5724207527065613,1_2,0.4891475593559013,-0.06386765231144417,0.9652355659529068,3_-1,0.6940631467528043,1.375,0.15,0_5,1.171537451385998,0.625,1.0499999999999998,3_2,0.0
E101,E101/front,front,0_10,0,10,2.625,0.15,2,0.5763812168996778,PERTURBED,1.9932616888839252,0.9858034759065284,3_7,1.0476930581373656,2.4946369053447106,0.7014828830651831,2_9,0.5666814861648388,2.143674253822161,0.9005072980541248,3_8,0.8915916544955748,1.46360592682741,0.35292791187664707,1_5,1.1789893683231565,2.625,0.15,0_10,0.0,2.625,0.15,0_10,0.0
E101,E101/back,back,2_-1,2,-1,-0.125,0.75,3,0.1890923689185997,PERTURBED,0.013425469930246181,0.9903448659798708,3_0,0.27735764876471597,-0.08782347185773232,0.830643345104012,2_-1,0.08880001888669622,-0.016949212606147374,0.9424344097171132,3_-1,0.22069430146608984,1.0191488898935335,0.5852018736299138,1_4,1.1559563593404796,-0.125,0.75,2_-1,0.0,-0.125,0.75,2_-1,0.0
E101,E101/right,right,4_1,4,1,0.375,1.3499999999999999,0,0.7616491644899119,PERTURBED,-0.445634529594352,0.20124706690108152,0_-2,1.4117628456882945,0.15242745612615105,-0.27037917389159294,0_0,1.635593838478269,-0.2662159338782011,0.059759194663279155,0_-2,1.440791174881094,0.07569356622017363,1.0279940471024585,3_0,0.43962731375956526,1.625,1.0499999999999998,3_6,1.285496013218244,-0.625,0.44999999999999996,1_-3,1.345362404707371
E101,E101/back,back,4_3,4,3,0.875,1.3499999999999999,2,0.5299955823569666,PERTURBED,0.21393977521411411,1.176065828147144,3_0,0.6835595928169721,0.6807804821659745,1.42697432073077,4_2,0.20891689055613666,0.3539919872996723,1.2513383759222318,4_1,0.5302673527227635,1.094233131912682,1.358657547556477,4_4,0.219404009211172,0.875,1.3499999999999999,4_3,0.0,0.875,1.3499999999999999,4_3,0.0
E101,E101/front,front,0_10,0,10,2.625,0.15,4,0.9709628232013956,PERTURBED,1.141394947181173,-0.05273552379079116,0_4,1.4973929495480738,0.1870237633481393,0.12599457302661166,0_0,2.438094417983714,0.8550835920312629,0.0008835052544296923,0_3,1.7761868764863011,1.3037266125148594,0.2896682344248997,0_5,1.3286348558516095,-0.375,0.44999999999999996,1_-2,3.014962686336267,0.625,0.44999999999999996,1_2,2.0223748416156684
E101,E101/back,back,2_8,2,8,2.125,0.75,2,2.102869178748419,PERTURBED,0.05042750077400937,1.3177776985840866,4_0,2.15086553962683,2.0871653279397284,0.7945590002156924,2_8,0.05845482794543465,0.6614488489237252,1.1608120890735683,3_2,1.520114648421519,1.0025603693177128,0.6921065348415902,2_4,1.12393166066013,2.125,0.75,2_8,0.0,2.125,0.75,2_8,0.0
E101,E101/right,right,0_2,0,2,0.625,0.15,3,0.2624487560497305,PERTURBED,0.8976815308907738,0.05893594547333458,0_3,0.28748544191971104,0.6459017726459751,0.13300552688326062,0_2,0.02693874934475638,0.8221476034173342,0.0811568198963124,0_3,0.2088218402849358,0.7408875011479494,0.4798769816142118,1_2,0.34964086706393316,0.625,0.15,0_2,0.0,0.625,0.15,0_2,0.0
E101,E101/right,right,3_5,3,5,1.375,1.0499999999999998,2,0.1930299312471331,PERTURBED,1.570058682068322,1.2005034786477156,4_6,0.2463720490138728,1.426595000620043,1.0713573348315735,3_5,0.055840664753297686,1.5270195776338384,1.161759635502873,3_6,0.18868006813573526,1.1055366684953667,0.951804539446955,3_4,0.28679755141702395,1.375,1.0499999999999998,3_5,0.0,1.375,1.0499999999999998,3_5,0.0
E101,E101/back,back,2_9,2,9,2.375,0.75,1,1.333510805396408,PERTURBED,1.0952535178872513,1.9432125620881915,4_4,1.7497163418123014,2.1559359369533526,1.1350022713883885,3_8,0.44296254095885335,1.413458243607082,1.7007494748782506,4_5,1.3522156312025264,1.1271672409382307,0.8615067112209303,2_4,1.2528049893079989,2.375,0.75,2_9,0.0,2.375,0.75,2_9,0.0
E101,E101/right,right,4_9,4,9,2.375,1.3499999999999999,4,2.499712944149214,PERTURBED,-0.3637983190229124,1.057623985093439,3_-2,2.7543601736837853,2.0213860356335105,1.8055948384355687,4_8,0.5767230640473094,0.35175698737401456,1.2820152410960781,4_1,2.0243848980821553,0.5767334556722203,1.29225035485279,4_2,1.7991935932420398,2.375,1.3499999999999999,4_9,0.0,2.375,1.3499999999999999,4_9,0.0
E101,E101/back,back,3_0,3,0,0.125,1.0499999999999998,2,0.08891185210352162,STABLE,-0.2730440957469771,1.0170731979307603,3_-2,0.3994036510267971,-0.34447793773766167,1.0700120651544591,3_-2,0.46990426341346814,-0.29447424834418245,1.03295485809787,3_-2,0.4198204162333945,-0.3083015196998616,1.0434843800481068,3_-2,0.4333505051082403,-0.375,1.0499999999999998,3_-2,0.5,-0.375,1.0499999999999998,3_-2,0.5
E101,E101/left,left,4_2,4,2,0.625,1.3499999999999999,1,0.8289344962347962,PERTURBED,0.21551982423851845,1.551696927706766,4_0,0.4564599270341289,1.0313999637246112,1.6982301902794297,4_4,0.5351870663024408,0.4602838660843463,1.595656906478565,4_1,0.29576801800184227,1.1734545152706752,1.1538085063896406,3_4,0.5824890191976626,0.625,1.3499999999999999,4_2,0.0,-0.125,0.75,2_-1,0.9604686356149272
E101,E101/left,left,2_1,2,1,0.375,0.75,2,0.41169328490273494,PERTURBED,-0.030373510968892736,1.1111650153601467,3_-1,0.5429252726806351,0.20513255418100718,0.7734843169013577,2_0,0.17148312537795624,0.040278308576077254,1.00986080582251,3_0,0.4237525800657926,0.694637317189156,0.7315187943039315,2_2,0.32017115657701195,0.375,0.75,2_1,0.0,0.375,0.75,2_1,0.0
E101,E101/back,back,1_1,1,1,0.375,0.44999999999999996,2,0.5553728525798388,PERTURBED,0.16504472319386287,1.1653380839068261,3_0,0.7455131068909729,0.30309540742525864,0.627396624298152,2_1,0.19141534093619367,0.2064599284632816,1.0039556460242238,3_0,0.5790272994218125,0.8546381230027996,0.5492422114039637,1_3,0.4897976577751243,0.375,0.44999999999999996,1_1,0.0,0.375,0.44999999999999996,1_1,0.0
E101,E101/front,front,4_5,4,5,1.375,1.3499999999999999,3,0.1765212453756493,PERTURBED,1.6129755091410027,1.381785791028959,4_6,0.2400888990816863,1.4373722332628718,1.363806926497537,4_5,0.06388213131624901,1.5602945263775636,1.3763921316695324,4_6,0.1871646497593698,0.8804017379650635,1.5001604015926173,4_3,0.5168903046241397,1.375,1.3499999999999999,4_5,0.0,1.375,1.3499999999999999,4_5,0.0
E101,E101/back,back,2_1,2,1,0.375,0.75,1,0.32892264110585095,PERTURBED,0.0073100307851604596,0.6938794367721395,2_0,0.37194815643879986,0.33017867481059393,0.7566961744877068,2_1,0.04531875930014305,0.10417062399279052,0.7127244580868097,2_0,0.2733825468704549,0.8490679824744023,0.6132190600299158,2_3,0.4934059966664876,0.375,0.75,2_1,0.0,0.375,0.75,2_1,0.0
E101,E101/right,right,3_3,3,3,0.875,1.0499999999999998,0,0.9201173462418667,PERTURBED,0.10948221027702443,1.3264074430271255,4_0,0.8138910006525097,1.0275060850985076,1.3884404674006392,4_4,0.3712142992483405,0.3848893727234694,1.3450173503391796,4_1,0.5720521514429822,1.0073391252831627,0.9057730726237825,3_4,0.1957423067737205,2.125,1.0499999999999998,3_8,1.25,0.875,1.0499999999999998,3_3,0.0
E101,E101/back,back,0_0,0,0,0.125,0.15,2,0.6493556380583366,PERTURBED,0.780035983301818,-0.0841225428010468,0_3,0.6956187924918414,0.16959224299070697,0.1372847393581682,0_0,0.046369666681268816,0.5969028612084847,-0.017700358153282296,0_2,0.5008150562248439,0.780202709895038,1.2508314278291015,4_3,1.2810622246987302,0.125,0.15,0_0,0.0,0.125,0.15,0_0,0.0
E101,E101/left,left,0_9,0,9,2.375,0.15,0,0.13396696493092894,PERTURBED,2.1891104296402846,0.20413236926080836,0_8,0.19361106830527045,2.2932985348872807,0.11991843681584058,0_9,0.08706336683799597,2.2203668612143836,0.178868189527318,0_8,0.15730473602939246,1.5208688290082677,0.7520363852254105,2_6,1.0449822325738303,2.375,0.15,0_9,0.0,2.375,0.15,0_9,0.0
E101,E101/left,left,4_7,4,7,1.875,1.3499999999999999,1,0.3143716750878596,PERTURBED,1.6756002048837773,0.6528222319312634,2_6,0.7251324834688462,1.829535437637583,0.9269271283023032,3_7,0.4255087322221976,1.721780774709919,0.7350537008425754,2_6,0.6337468594367196,1.5285998907879346,1.0741641775649278,3_6,0.44280744867330707,1.875,1.3499999999999999,4_7,0.0,1.875,1.3499999999999999,4_7,0.0
E101,E101/front,front,1_8,1,8,2.125,0.44999999999999996,1,0.2453031720389396,PERTURBED,2.005964046953025,0.7564009392461813,2_8,0.32871126188304495,2.1188714583336523,0.5386268299776749,1_8,0.0888384714796909,2.0398362703672133,0.6910687064656293,2_8,0.25566967376280314,1.0795475991246384,0.3986484778162509,1_4,1.0467128074723486,2.125,0.44999999999999996,1_8,0.0,2.125,0.44999999999999996,1_8,0.0
E101,E101/front,front,3_0,3,0,0.125,1.0499999999999998,4,0.3477526491301776,PERTURBED,0.13280307271657643,1.4396093385842386,4_0,0.38968747048868296,0.12142944195492478,1.0920427327367348,3_0,0.042194078503100155,0.12939098348808092,1.3353393568299874,4_0,0.2853731404532381,0.414546489420989,0.9675689698465986,3_1,0.3010515641350661,0.125,1.0499999999999998,3_0,0.0,0.125,1.0499999999999998,3_0,0.0
E101,E101/right,right,3_9,3,9,2.375,1.0499999999999998,0,0.23677724996580718,PERTURBED,2.132684860512541,1.3194982041402605,4_8,0.3624167612840945,2.189516793327175,1.0896426026990007,3_8,0.18967223282912235,2.149734440356931,1.2505415237078825,4_8,0.30159820140774113,1.423529282976367,0.9928608648598223,3_5,0.9531848750992818,1.375,1.0499999999999998,3_5,1.0,2.375,1.0499999999999998,3_9,0.0
E101,E101/front,front,2_0,2,0,0.125,0.75,3,0.08512767816068427,STABLE,0.041288823178412315,1.244708667642972,4_0,0.501741195205197,0.11080604926296844,1.293841923860505,4_0,0.5440271191639444,0.06214399100377915,1.259448644508232,4_0,0.513311600549031,0.20164578927832608,1.0999698869658878,3_0,0.35826456536617446,0.125,1.3499999999999999,4_0,0.5999999999999999,0.125,1.3499999999999999,4_0,0.5999999999999999
E101,E101/left,left,1_6,1,6,1.625,0.44999999999999996,0,0.21188156736337174,PERTURBED,1.550572731236256,0.23144532331417766,0_6,0.230879979722961,1.6412962693324582,0.4229212701682564,1_6,0.03160420863518931,1.5777897926651168,0.28888810737040127,0_6,0.16788640690447218,0.8641078560406487,0.6274344587812398,2_3,0.781306496774505,1.625,0.44999999999999996,1_6,0.0,1.625,0.44999999999999996,1_6,0.0
E101,E101/right,right,0_8,0,8,2.125,0.15,0,1.344434672917089,PERTURBED,0.07880059769741043,-0.04246721465762682,0_0,2.0552312820462664,1.4149003371280249,-0.19193987448250704,0_5,0.7881398410003173,0.47963051952659486,-0.08730901260509089,0_1,1.66239474696503,0.8288916051519724,0.311146044045318,1_3,1.306087676500696,1.875,1.0499999999999998,3_7,0.93407708461347,2.125,0.15,0_8,0.0
E101,E101/back,back,1_7,1,7,1.875,0.44999999999999996,3,0.4661021840479031,PERTURBED,1.591565782751422,-0.0687127565018697,0_6,0.5910988743561284,1.8519822091179163,0.31785487128495055,1_7,0.13413483417892724,1.6696907106613703,0.047257531834176386,0_6,0.4520546426628451,1.1792647205720386,0.3397166633353996,1_4,0.7044217439762781,2.625,0.15,0_10,0.8077747210701756,2.625,0.15,0_10,0.8077747210701756
E101,E101/front,front,3_-2,3,-2,-0.375,1.0499999999999998,4,0.10241844933443357,PERTURBED,-0.04960618115485793,0.4143705878158818,1_-1,0.7140769475176695,0.006356340757016743,0.32859334779655686,1_0,0.8160025836227244,-0.03281742458129552,0.3886374158100843,1_-1,0.74464043852489,0.48640404744229854,0.8930047033931265,2_1,0.8755937734512814,-0.125,0.15,0_-1,0.93407708461347,-0.125,0.15,0_-1,0.93407708461347
E101,E101/left,left,3_7,3,7,1.875,1.0499999999999998,3,0.2848258790529242,PERTURBED,2.28945792771215,0.907711352982564,3_9,0.43820250217622225,2.0298869083661755,1.0249660641628096,3_8,0.15689694811159519,2.2115866219083573,0.9428877663366376,3_8,0.3532188905594294,1.1147035800228413,1.0730671097851279,3_4,0.7606462632419377,1.875,1.0499999999999998,3_7,0.0,1.875,1.0499999999999998,3_7,0.0
E101,E101/back,back,1_2,1,2,0.625,0.44999999999999996,3,0.3317671647101851,PERTURBED,0.9833478360207656,0.2635471904121473,0_3,0.4039527469692087,0.6729977449645831,0.38081727424112016,1_2,0.08420233408352486,0.8902428087039109,0.29872821556083917,0_3,0.30534718000424926,0.8493450565007746,0.5038302155884977,1_3,0.2307128008729466,0.625,0.44999999999999996,1_2,0.0,0.625,0.44999999999999996,1_2,0.0
E101,E101/left,left,4_6,4,6,1.625,1.3499999999999999,4,0.17947718625043863,PERTURBED,1.7519012547060782,1.0459579102479974,3_7,0.3294624725014089,1.6683915833053562,1.2048232468287572,4_6,0.15152266880928936,1.7268483532858614,1.0936175112222253,3_6,0.27587146938189777,1.4726079081697483,1.1452365519269638,3_5,0.25524776065454285,1.625,1.3499999999999999,4_6,0.0,1.625,1.3499999999999999,4_6,0.0
E101,E101/left,left,1_10,1,10,2.625,0.44999999999999996,1,0.7399190830304596,PERTURBED,1.9307406863207424,-0.24058973165124597,0_7,0.9792395887077553,2.4962628980832493,0.2365526762689455,0_9,0.24926492215687593,2.1003973498494943,-0.09744700927518851,0_8,0.7582256712280864,1.1975475247737843,0.6236556829379698,2_4,1.4379766567111243,2.625,0.44999999999999996,1_10,0.0,2.625,0.44999999999999996,1_10,0.0
E101,E101/right,right,4_4,4,4,1.125,1.3499999999999999,2,0.11071684357980845,PERTURBED,1.264701620493434,1.401503836947287,4_5,0.14889321001571632,1.170385194066474,1.3435156385072284,4_4,0.04584607708867188,1.236406692565346,1.3841073774152695,4_4,0.1165107906697795,0.4349494791911135,1.2138608853399508,4_1,0.7033516757704055,1.125,1.3499999999999999,4_4,0.0,1.125,1.3499999999999999,4_4,0.0
E101,E101/front,front,2_-2,2,-2,-0.375,0.75,2,1.823530197377868,PERTURBED,1.4055389826988232,-0.1654676454348074,0_5,2.0020989183224964,-0.22694589606870585,0.6470934300200362,2_-1,0.18030468611752618,0.9157935190685644,0.07830067720164569,0_3,1.4551040818845833,0.916836328403783,0.41452658435329043,1_3,1.3346847987406751,-0.375,0.75,2_-2,0.0,-0.375,0.75,2_-2,0.0
E101,E101/front,front,4_-1,4,-1,-0.125,1.3499999999999999,2,0.8290959480518566,PERTURBED,1.0505048512019464,1.9719304227282892,4_4,1.32989063682481,0.24052678754048262,1.7949117020707477,4_0,0.5758092175791866,0.8075114321035072,1.9188248065310267,4_3,1.0923091281907307,0.9700646662988728,1.370226428215339,4_3,1.0952514468260757,-0.125,1.3499999999999999,4_-1,0.0,-0.125,1.3499999999999999,4_-1,0.0
E101,E101/front,front,0_-1,0,-1,-0.125,0.15,4,0.13996418648007347,PERTURBED,0.11487780527679037,0.2980193154261381,0_0,0.281870678155129,-0.024861098159188577,0.2900812827014047,0_-1,0.17219339541676543,0.07295613424599667,0.29563790560871805,0_0,0.24575807338867411,0.9850971030111866,1.201339831455112,4_3,1.5289313324403724,-0.125,0.15,0_-1,0.0,-0.125,0.15,0_-1,0.0
E101,E101/left,left,2_2,2,2,0.625,0.75,1,0.1462868779330975,PERTURBED,-0.1939813323534645,0.7234246506883704,2_-1,0.8194123943012401,-0.08963841811609363,0.8259546799669463,2_-1,0.7186634692652423,-0.16267845808225323,0.7541836594719431,2_-1,0.7876895685061553,0.527347878704369,0.740152968508677,2_2,0.09814734241296463,0.625,0.75,2_2,0.0,0.625,0.75,2_2,0.0
E101,E101/right,right,2_9,2,9,2.375,0.75,0,0.026214508924530734,STABLE,1.6337777224534347,0.9568450136658306,3_6,0.7695422824054148,1.6403207876317647,0.9314601997758998,3_6,0.7567571269494064,1.6357406420069336,0.9492295694988513,3_6,0.7656349128292271,1.6370324698872594,0.9441250975300775,3_6,0.76307314786445,2.625,0.75,2_10,0.25,0.375,0.75,2_1,2.0
E101,E101/front,front,3_8,3,8,2.125,1.0499999999999998,4,0.24226313705488597,PERTURBED,2.0377461808079844,0.8139283951747922,2_8,0.2516804155438836,2.070962706285873,1.0539035814146434,3_8,0.054178104985386576,2.0477111384513513,0.8859209510467476,2_8,0.18137117308130837,1.1778212965254418,1.0779909679947963,3_4,0.9475922069144674,2.125,0.15,0_8,0.8999999999999998,2.375,1.3499999999999999,4_9,0.39051248379533277
E101,E101/back,back,1_1,1,1,0.375,0.44999999999999996,0,1.4100689151987849,PERTURBED,0.5315039521118794,0.07457346848144064,0_2,0.40674140137769754,1.327975408303315,1.238157399739591,4_5,1.2366706172603696,0.7704453889693101,0.4236486478588858,1_3,0.39632240589796836,1.0097801374261093,0.4624609257293323,1_4,0.6349024315127026,0.375,0.44999999999999996,1_1,0.0,0.375,0.44999999999999996,1_1,0.0
E101,E101/left,left,3_-3,3,-3,-0.625,1.0499999999999998,2,0.1462868779330975,PERTURBED,-0.1939813323534645,0.7234246506883704,2_-1,0.5407666323265586,-0.08963841811609363,0.8259546799669463,2_-1,0.5803519008204866,-0.16267845808225323,0.7541836594719431,2_-1,0.5488611076079395,1.0613899478031685,0.8459129982411757,2_4,1.698694369313821,0.625,0.75,2_2,1.285496013218244,0.625,0.75,2_2,1.285496013218244
E101,E101/back,back,3_9,3,9,2.375,1.0499999999999998,3,0.6803242180386303,PERTURBED,1.932448941601809,1.684418134761037,4_7,0.7735229854393679,2.340005021234482,1.1396805065359252,3_9,0.09626651438241246,2.054715765491611,1.5209968462935035,4_8,0.5695788093785189,1.5091310562400266,1.08451777486709,3_6,0.8665566943655718,2.375,1.0499999999999998,3_9,0.0,2.375,1.0499999999999998,3_9,0.0
E101,E101/right,right,0_-3,0,-3,-0.625,0.15,3,0.3611237490536617,PERTURBED,-0.40235874786278925,0.5127436030899237,1_-2,0.4256196056761074,-0.5800632309845535,0.19836886045146263,0_-3,0.06602166213388345,-0.45567009279931847,0.41843118029838533,1_-2,0.3173766154413013,0.9297838523910213,0.7947677902896889,2_3,1.6831750743909302,-0.625,0.15,0_-3,0.0,-0.625,0.15,0_-3,0.0
E101,E101/left,left,1_-4,1,-4,-0.875,0.44999999999999996,1,2.830335754095326,PERTURBED,1.8396441890688915,1.8996814551044063,4_7,3.0774777650730685,-0.7403893582278545,0.7359687002831289,2_-3,0.3160666423714007,1.0656341248798675,1.550567628658023,4_4,2.2309885503736218,1.326620546290718,0.865194123719082,2_5,2.2404283497180386,-0.875,0.44999999999999996,1_-4,0.0,-0.875,0.44999999999999996,1_-4,0.0
E101,E101/right,right,0_-3,0,-3,-0.625,0.15,1,0.30691992623661035,PERTURBED,-0.38800280247982255,0.47187980573069527,1_-2,0.39971775163188356,-0.5517158425604132,0.21226878587857634,0_-3,0.09616636327959033,-0.4371167145039997,0.39399649977505957,1_-2,0.30795197819019154,1.2850325628446946,0.9045706799194377,3_5,2.0536799415004166,-0.625,0.15,0_-3,0.0,-0.625,0.15,0_-3,0.0
E101,E101/left,left,2_6,2,6,1.625,0.75,1,0.1656704338767064,PERTURBED,1.568526897501623,0.956283395229775,3_6,0.21387391251229249,1.7247126914390498,0.9010322374769113,3_6,0.18097888714239926,1.6153826356828511,0.9397080479039159,3_6,0.18995167052680328,1.0624668077362052,0.8903515330065317,2_4,0.5797776687798342,1.625,0.75,2_6,0.0,1.625,0.75,2_6,0.0
E101,E101/left,left,0_6,0,6,1.625,0.15,3,0.6057714738419651,PERTURBED,0.9424272242047227,-0.09096641416377738,0_3,0.7238580019671116,1.4734013330515805,0.20062503676534682,0_5,0.15982818952872654,1.10171945685878,-0.0034889788850401005,0_4,0.5453268684645407,1.340784915694389,0.899539130772182,2_5,0.801615320902466,1.625,0.15,0_6,0.0,1.625,0.15,0_6,0.0
E101,E101/back,back,4_0,4,0,0.125,1.3499999999999999,0,0.562324821524524,PERTURBED,1.8510110501037862,1.5274248527288483,4_7,1.7351062571053764,1.4461744558781335,1.9177023653764027,4_5,1.437980500048191,1.7295600718360904,1.6445081065231146,4_6,1.6313638616012278,1.4394660248811686,1.2597984096199406,4_5,1.3175573070929374,2.375,1.3499999999999999,4_9,2.25,0.125,1.3499999999999999,4_0,0.0
E101,E101/back,back,1_0,1,0,0.125,0.44999999999999996,0,0.24212019110798783,PERTURBED,0.5963354705234243,-0.00026122641215564624,0_2,0.6518376314571875,0.8244269228104562,-0.08147992090893519,0_3,0.8784468832442129,0.6647629062095338,-0.024626834761189514,0_2,0.7187590884261481,1.0297902517307373,0.4139847986340363,1_4,0.9055067610771341,0.125,0.44999999999999996,1_0,0.0,0.125,0.44999999999999996,1_0,0.0
E101,E101/right,right,4_-3,4,-3,-0.625,1.3499999999999999,2,0.5153874787047715,PERTURBED,-0.17177082149314837,1.6801593833210318,4_-1,0.5607333650184548,-0.5266955782309883,1.3064580717629286,4_-3,0.10751585396555244,-0.27824824851450036,1.5680489898536007,4_-2,0.4096121813794573,1.135238059119499,1.112018526112693,3_4,1.7762525740125912,-0.625,1.3499999999999999,4_-3,0.0,-0.625,1.3499999999999999,4_-3,0.0
E101,E101/right,right,2_7,2,7,1.875,0.75,4,0.026214508924530734,STABLE,1.6337777224534347,0.9568450136658306,3_6,0.3177625636590469,1.6403207876317647,0.9314601997758998,3_6,0.29665154107215547,1.6357406420069336,0.9492295694988513,3_6,0.31134781475056467,1.6369653292658979,0.9440150607669264,3_6,0.30708687415108865,2.625,0.75,2_10,0.75,0.375,0.75,2_1,1.5
E101,E101/front,front,0_8,0,8,2.125,0.15,1,0.49527762789041,PERTURBED,2.011994045859651,0.738361736411173,2_8,0.5991159141134054,2.046491345014223,0.244286979881565,0_8,0.12269329029275565,2.0223432356060225,0.5901393094522905,1_8,0.45195245657146255,1.268520084255683,0.23024909497434487,0_5,0.8602312266580386,2.125,0.15,0_8,0.0,2.125,0.15,0_8,0.0
E101,E101/left,left,1_3,1,3,0.875,0.44999999999999996,1,0.3107784574191425,PERTURBED,1.2188505445405229,0.24417309469101134,0_4,0.4007466929743644,0.9199999858943202,0.32944673184033396,1_3,0.1286782390090312,1.129195376946662,0.26975518583580815,0_4,0.3116143172162339,0.6811511949797215,0.7024972492912456,2_2,0.3183272217505681,0.875,0.44999999999999996,1_3,0.0,0.875,0.44999999999999996,1_3,0.0
E101,E101/back,back,1_-4,1,-4,-0.875,0.44999999999999996,0,0.293710403138672,PERTURBED,0.004594554186225008,1.0585400505155573,3_0,1.069582896663714,-0.21382226382827207,0.8621733157555596,2_-1,0.7791295405964936,-0.06093049121812412,0.999630030087558,3_-1,0.9822435212829936,1.5010563244241397,0.46252305766774104,1_6,2.376089325721847,-0.875,0.44999999999999996,1_-4,0.0,-0.875,0.44999999999999996,1_-4,0.0
E101,E101/back,back,1_10,1,10,2.625,0.44999999999999996,1,0.36642991052287893,PERTURBED,2.38491439098739,0.7828488106942842,2_9,0.4104015477986837,2.5449325590817278,0.453204964694488,1_10,0.08013155991177213,2.4329198414156914,0.6839556568943453,2_9,0.3027045369905079,1.6519522562057078,0.4074698793275306,1_6,0.9739767568415466,2.625,0.44999999999999996,1_10,0.0,2.625,0.44999999999999996,1_10,0.0
E101,E101/front,front,4_-1,4,-1,-0.125,1.3499999999999999,4,1.0909700116656984,PERTURBED,2.025468386905972,1.244915036672725,4_8,2.1530344011648928,1.38008186652667,2.1245125614910654,4_5,1.6926727778442165,1.8318524307921815,1.508794294118227,4_7,1.9632847637930102,1.1166067583823625,1.4331239023886502,4_4,1.2443861641825966,2.625,1.0499999999999998,3_10,2.766315238724611,2.625,1.0499999999999998,3_10,2.766315238724611
E101,E101/left,left,1_6,1,6,1.625,0.44999999999999996,3,0.15768623121573408,PERTURBED,1.549374119256773,0.3068521527460809,1_6,0.16189681902872627,1.6046490015543635,0.454533007639359,1_6,0.020849731317040657,1.56595658394605,0.3511564092140643,1_6,0.11513548722603874,1.0066885969136328,0.5780860830635359,1_4,0.631438861538622,1.625,0.44999999999999996,1_6,0.0,1.625,0.44999999999999996,1_6,0.0
E101,E101/right,right,3_-1,3,-1,-0.125,1.0499999999999998,4,0.10900291970914035,PERTURBED,-0.625068373467502,0.4338437755988531,1_-3,0.7935470187775323,-0.6479399081105655,0.32726737385724597,1_-3,0.8920810481037517,-0.631929833860421,0.401870855076371,1_-3,0.8228300219104723,1.182325147752001,0.8314111929696719,2_4,1.3254735412311078,-0.875,0.44999999999999996,1_-4,0.9604686356149272,-0.875,0.44999999999999996,1_-4,0.9604686356149272
E101,E101/left,left,4_5,4,5,1.375,1.3499999999999999,0,0.021112642752586192,STABLE,1.5353156725357215,1.1579594067732975,3_6,0.250161356543021,1.531946570080705,1.1788014995819847,3_6,0.2322523463939057,1.5343049417992165,1.1642120346159037,3_6,0.24473502520729204,1.413223280460756,1.1501980452741103,3_5,0.20342526952536658,1.375,1.3499999999999999,4_5,0.0,1.375,1.3499999999999999,4_5,0.0
E101,E101/right,right,1_5,1,5,1.375,0.44999999999999996,3,0.090350984351424,STABLE,1.5897877420581366,0.5652861511278192,1_6,0.24377175960373051,1.499439227491008,0.5659541996175443,1_5,0.17008967560526467,1.562683187687998,0.5654865656747368,1_6,0.22036815966031392,1.3747812028497812,0.5143215006623274,1_5,0.06432187279337204,1.375,0.44999999999999996,1_5,0.0,1.375,0.44999999999999996,1_5,0.0
E101,E101/back,back,0_1,0,1,0.375,0.15,3,0.1950447445840614,PERTURBED,0.3617957784758794,0.1882579977520531,0_1,0.04047253214285153,0.5001616130905635,0.05079037174053125,0_2,0.1597121777786963,0.40330552886028465,0.14701770994859653,0_1,0.02846220332319877,0.7103579070726749,1.0245699792125398,3_2,0.9366629993631579,0.375,0.15,0_1,0.0,0.375,0.15,0_1,0.0
E101,E101/back,back,2_-2,2,-2,-0.375,0.75,2,0.41714132634892054,PERTURBED,-0.02143435469375532,1.0100768351569975,3_-1,0.43891756142367017,-0.36182506887338217,0.7689522867418264,2_-2,0.023081767326951604,-0.1235515689476434,0.9377394706324461,3_-1,0.3138031585437642,1.2832358626078526,0.503878815651907,1_5,1.676401447572662,-0.375,0.75,2_-2,0.0,-0.375,0.75,2_-2,0.0
E101,E101/front,front,2_10,2,10,2.625,0.75,1,2.9696796352728465,PERTURBED,-0.4350241251937059,1.0028293493466771,3_-2,3.0704511601161433,2.5154203810358324,0.6653766092271102,2_10,0.1384514758254074,0.45010922667515574,0.901593527310807,3_1,2.1801675333368467,0.6134112893526033,1.0233853872898533,3_2,2.0300809616337174,2.625,0.75,2_10,0.0,2.625,0.75,2_10,0.0
E101,E101/back,back,0_3,0,3,0.875,0.15,4,0.33863424632054395,PERTURBED,1.9749927724465972,0.637726683057737,2_7,1.2032711318739653,1.8887813626351293,0.9652030113616344,3_7,1.3008876204190032,1.9491293495031567,0.7359695815489062,2_7,1.2235661853633726,0.9546637391663126,0.979948952811969,3_3,0.8337635010071155,1.375,1.3499999999999999,4_5,1.3,1.375,1.3499999999999999,4_5,1.3
E101,E101/front,front,0_1,0,1,0.375,0.15,3,0.7920731382469146,PERTURBED,1.2578388077707512,0.11073534672403085,0_5,0.8837115329693075,0.4658820043887902,0.12431024669941704,0_1,0.09444311592894895,1.0202517667561628,0.1148078167166467,0_4,0.6462107491106897,0.9009137985468406,0.7997937106892881,2_3,0.835952863475759,0.375,0.15,0_1,0.0,0.375,0.15,0_1,0.0
E101,E101/back,back,3_8,3,8,2.125,1.0499999999999998,1,0.23726292589083622,PERTURBED,2.0779674825504957,1.3698611038383308,4_8,0.32330045382942707,2.133407075016784,1.1391661806400681,3_8,0.08956163620811718,2.094599360290382,1.300652626878852,4_8,0.25248948147600747,1.352357074945497,1.002634888421742,3_5,0.774093368678223,2.125,1.0499999999999998,3_8,0.0,2.125,1.0499999999999998,3_8,0.0
E101,E101/right,right,2_5,2,5,1.375,0.75,0,0.026214508924530734,STABLE,1.6337777224534347,0.9568450136658306,3_6,0.3312865365761255,1.6403207876317647,0.9314601997758998,3_6,0.3214388346983753,1.6357406420069336,0.9492295694988513,3_6,0.32814341949349757,1.6366296261590911,0.9434648769511715,3_6,0.3253901041793953,2.625,0.75,2_10,1.25,0.375,0.75,2_1,1.0
E101,E101/left,left,3_-2,3,-2,-0.375,1.0499999999999998,0,0.5209488868379135,PERTURBED,0.3457086538407873,1.4731367234106756,4_1,0.8357425742534136,0.013433677340700445,1.0719122442353293,3_0,0.3890512410208302,0.24602616089076124,1.3527693796580715,4_0,0.6908999853591338,0.8850261913606836,0.9312352953575411,3_3,1.2656109425821667,-0.375,1.0499999999999998,3_-2,0.0,-0.375,1.0499999999999998,3_-2,0.0
E101,E101/right,right,3_10,3,10,2.625,1.0499999999999998,4,0.31817463706243665,PERTURBED,1.6809577067778443,1.1394675147220596,3_6,0.9482722644803488,1.9943667680601251,1.084605323953072,3_7,0.63158198333457,1.7749804251625285,1.1230088574913633,3_7,0.8531492078640582,1.5063558738648908,1.016695975755371,3_6,1.1191397763315667,2.625,1.0499999999999998,3_10,0.0,2.625,1.0499999999999998,3_10,0.0
E101,E101/front,front,0_3,0,3,0.875,0.15,4,0.9924798643054589,PERTURBED,0.23941298978463754,-0.04888244915651663,0_0,0.6659767834819752,1.2157580432051471,-0.22711437029603732,0_4,0.5082630148779052,0.5323165058107905,-0.10235202549837286,0_2,0.42557434363793295,0.8662481421364511,0.6122352866061751,2_3,0.4623181320259423,2.375,1.0499999999999998,3_9,1.74928556845359,2.375,1.0499999999999998,3_9,1.74928556845359
E101,E101/left,left,3_1,3,1,0.375,1.0499999999999998,1,0.2809562008773933,PERTURBED,-0.03788431415458193,1.0983489382130402,3_-1,0.41570551680393647,-0.06862006041209046,0.8190789958392641,2_-1,0.5001232529713344,-0.047105038031834495,1.0145679555009075,3_-1,0.4235895335218307,0.6973705156318797,0.9367310296912634,3_2,0.3416908090416911,-0.125,0.75,2_-1,0.58309518948453,-0.125,0.75,2_-1,0.58309518948453
E101,E101/back,back,4_8,4,8,2.125,1.3499999999999999,1,0.739934299389545,PERTURBED,1.4356122339839472,1.9383487433745406,4_5,0.9063165759065676,2.011715614457427,1.4740130217031124,4_8,0.16796601310888767,1.6084432481259912,1.7990480268731122,4_6,0.6844523419093996,1.220119290374283,1.4281622145529471,4_4,0.9082502025524476,2.125,1.3499999999999999,4_8,0.0,2.125,1.3499999999999999,4_8,0.0
E101,E101/front,front,4_6,4,6,1.625,1.3499999999999999,0,0.19700752534999583,PERTURBED,2.0670704369996598,1.0877999007861814,3_8,0.5139797304338045,1.8738809312369944,1.126397567913954,3_7,0.3345740061155204,2.0091135852708604,1.0993792009245131,3_8,0.45864368666631616,1.0984165271957163,1.4215480681441073,4_4,0.5314219414794366,1.625,1.3499999999999999,4_6,0.0,1.625,1.3499999999999999,4_6,0.0
E101,E101/left,left,2_10,2,10,2.625,0.75,3,0.5848237971469049,PERTURBED,1.7158981337765262,1.2640325048465417,4_6,1.0443637389386002,2.182859051529115,0.9119439151407912,3_8,0.47086563897343553,1.8559864091023028,1.1584059279348164,3_7,0.8707337738698719,1.3621899035626552,0.8637188314695551,2_5,1.267920073307027,2.625,0.75,2_10,0.0,2.625,0.75,2_10,0.0
E101,E101/front,front,4_7,4,7,1.875,1.3499999999999999,1,0.7915195425836228,PERTURBED,1.3271356296232273,1.7168322871626418,4_5,0.6593339785217448,1.9147286265498007,1.1865138391951633,3_7,0.16824413375282485,1.5034135287011994,1.5577367527723984,4_6,0.42571241948610683,1.202919647373876,1.4275730671510662,4_4,0.6765423720161798,1.875,1.3499999999999999,4_7,0.0,1.875,1.3499999999999999,4_7,0.0
E101,E101/back,back,1_-3,1,-3,-0.625,0.44999999999999996,2,0.6549116508642636,PERTURBED,-0.40124975001358787,1.1112451116291768,3_-2,0.698075405685134,-0.5107756904126641,0.4655568441057123,1_-3,0.11527882849523145,-0.43410753213331077,0.9175386313721374,3_-2,0.5050072337239997,1.1096425154966867,0.5276986417076818,1_4,1.7363817942756403,-0.625,0.44999999999999996,1_-3,0.0,-0.625,0.44999999999999996,1_-3,0.0
E101,E101/back,back,3_5,3,5,1.375,1.0499999999999998,1,0.06610219604615167,STABLE,1.384320656730955,0.9671239126903219,3_5,0.08339856407431513,1.4205585740294278,0.9118399758551714,3_5,0.14547775066756574,1.3951920319204967,0.9505387316397769,3_5,0.10149020670440398,1.1640245239859612,0.9396651999673777,3_4,0.238084899936113,1.125,0.75,2_4,0.3905124837953326,1.125,0.75,2_4,0.3905124837953326
E101,E101/front,front,4_8,4,8,2.125,1.3499999999999999,2,0.3576919293150898,PERTURBED,1.7068791212588825,1.5025567341885435,4_6,0.4450827185878129,2.019070740895933,1.3279717722773117,4_8,0.10819542851220254,1.8005366071499977,1.450181245615174,4_7,0.33957734799709877,1.3349307041145824,1.4251113043674386,4_5,0.793631652811717,2.125,1.3499999999999999,4_8,0.0,2.125,1.3499999999999999,4_8,0.0
E101,E101/right,right,2_4,2,4,1.125,0.75,2,0.026214508924530734,STABLE,1.6337777224534347,0.9568450136658306,3_6,0.5492172890062019,1.6403207876317647,0.9314601997758998,3_6,0.5463362684905074,1.6357406420069336,0.9492295694988513,3_6,0.5482229699313522,1.6349511106250572,0.9407139578723969,3_6,0.5444464610547888,2.625,0.75,2_10,1.5,0.375,0.75,2_1,0.75
E101,E101/right,right,1_4,1,4,1.125,0.44999999999999996,2,0.4655195966758732,PERTURBED,1.74308920131941,0.2746569856564587,0_6,0.6424791307635956,1.2776028808256037,0.26909098867432063,0_5,0.23667638161656132,1.6034433051712682,0.27298718656181725,0_6,0.5101387383687972,0.6954520751506169,0.30912680182091035,1_2,0.45205826804474697,1.125,0.44999999999999996,1_4,0.0,1.125,0.44999999999999996,1_4,0.0
E101,E101/back,back,3_-3,3,-3,-0.625,1.0499999999999998,4,0.08891185210352162,STABLE,-0.2730440957469771,1.0170731979307603,3_-2,0.3534927620660286,-0.34447793773766167,1.0700120651544591,3_-2,0.2812349732299693,-0.29447424834418245,1.03295485809787,3_-2,0.3309649669830735,-0.29727359068087494,1.0420863441800363,3_-2,0.32782194147683824,-0.375,1.0499999999999998,3_-2,0.25,-0.375,1.0499999999999998,3_-2,0.25
E101,E101/back,back,4_-3,4,-3,-0.625,1.3499999999999999,4,2.691596671649282,PERTURBED,2.2291659297614093,1.1753677195647587,3_8,2.8595033813550255,-0.4303709511444167,1.589561179116215,4_-2,0.30865842803652765,1.4313048654896614,1.2996257574301957,4_5,2.0569217933968553,1.3871843428537207,1.1441071097617694,3_5,2.0226907108790293,-0.625,1.3499999999999999,4_-3,0.0,-0.625,1.3499999999999999,4_-3,0.0
E101,E101/right,right,0_4,0,4,1.125,0.15,1,0.18784610984255443,PERTURBED,1.3759914310828196,0.18776429399108174,0_5,0.25381654866782555,1.1909274556014455,0.15555426508686643,0_4,0.06616101013992876,1.3204722384384073,0.17810128531981717,0_5,0.1974818428026925,0.8494018895867861,0.4182334411991642,1_3,0.3845822375524896,1.125,0.15,0_4,0.0,1.125,0.15,0_4,0.0
E101,E101/right,right,3_1,3,1,0.375,1.0499999999999998,1,1.398794719718181,PERTURBED,1.4512338851107431,0.27151224798021273,0_5,1.3282780414903295,0.260668629693367,1.0058017280249854,3_1,0.12257711646865327,1.0940643084855304,0.4917990919936446,1_4,0.9102976070697393,1.1170503696820118,0.7928603519762574,2_4,0.7853404037301178,0.375,1.0499999999999998,3_1,0.0,0.375,1.0499999999999998,3_1,0.0
E101,E101/left,left,3_3,3,3,0.875,1.0499999999999998,1,0.13525072368073718,PERTURBED,0.8500221856027039,1.197009273626768,3_3,0.14911612167815974,0.9005737330467833,1.071560880623222,3_3,0.03344977421742895,0.8651876498359277,1.1593747557257041,3_3,0.10981402189975495,0.8534613705187608,1.099749210088238,3_3,0.05421158976025114,0.875,1.0499999999999998,3_3,0.0,0.875,1.0499999999999998,3_3,0.0
E101,E101/front,front,4_4,4,4,1.125,1.3499999999999999,4,0.3518596100356581,PERTURBED,1.5466978838340855,1.3708899382428128,4_6,0.4222149864108738,1.2074453894115964,1.4642330162002297,4_4,0.14087733751541356,1.4449221355073387,1.398892861630038,4_5,0.3236366553806136,0.719208704655845,1.5320014122999595,4_2,0.4447371015063474,1.125,1.3499999999999999,4_4,0.0,1.125,1.3499999999999999,4_4,0.0
E101,E101/back,back,3_-4,3,-4,-0.875,1.0499999999999998,3,0.08891185210352162,STABLE,-0.2730440957469771,1.0170731979307603,3_-2,0.6028557745925482,-0.34447793773766167,1.0700120651544591,3_-2,0.5308993702189057,-0.29447424834418245,1.03295485809787,3_-2,0.5807759337283318,-0.2513238864350974,1.0362611947297427,3_-2,0.6238274195654399,-0.375,1.0499999999999998,3_-2,0.5,-0.375,1.0499999999999998,3_-2,0.5
E101,E101/front,front,3_7,3,7,1.875,1.0499999999999998,3,1.1364580929873775,PERTURBED,1.0892621134072469,1.7562280871649176,4_4,1.0564762834668202,1.9728025546903944,1.0414600928243152,3_7,0.09817468980616596,1.3543242457921911,1.541797688862737,4_5,0.716217989016333,0.9586880097700701,1.1140097129198159,3_3,0.9185449944271714,1.875,1.0499999999999998,3_7,0.0,1.875,1.0499999999999998,3_7,0.0
E101,E101/right,right,1_3,1,3,0.875,0.44999999999999996,4,0.5017442034120606,PERTURBED,1.0431178816843072,-0.1666950971960659,0_4,0.6391998631474226,0.8153455360254008,0.28036977976324406,0_3,0.17981397801524512,0.9747861779866352,-0.0325756341082729,0_3,0.4927844599337342,0.4917285836701444,0.3184400054847905,1_1,0.4052221745318677,0.875,0.44999999999999996,1_3,0.0,0.875,0.44999999999999996,1_3,0.0
E101,E101/back,back,1_4,1,4,1.125,0.44999999999999996,2,0.09270514378199583,STABLE,1.1017224776225991,0.32055517772625747,1_4,0.1315211202108284,1.0826984984554653,0.4112873765329048,1_4,0.05734181936970049,1.0960152838724588,0.34777483736825165,1_4,0.10625487115460418,1.0436374017313808,0.39350306482136443,1_4,0.09905440970294895,1.125,0.44999999999999996,1_4,0.0,1.125,0.44999999999999996,1_4,0.0
E101,E101/back,back,4_0,4,0,0.125,1.3499999999999999,3,0.23212950053597262,PERTURBED,0.4060748805842121,1.8330811597009147,4_1,0.5589011498945139,0.6377107475498526,1.8179507216981268,4_2,0.6941542973942656,0.4755656406739043,1.8285420283000784,4_1,0.5932105370529573,1.2559513827183413,1.372941915835857,4_5,1.1311840529174495,0.125,1.3499999999999999,4_0,0.0,0.125,1.3499999999999999,4_0,0.0
E101,E101/front,front,2_-3,2,-3,-0.625,0.75,3,0.2310981008883128,PERTURBED,-0.2142561552365816,0.2631323024200751,0_-1,0.6369856049847691,-0.2714210786267588,0.48704858983119664,1_-2,0.4406376036486525,-0.23140563225363475,0.3303071886434116,1_-1,0.5753769044948345,0.998721274675964,0.4579550073684594,1_3,1.6497760622449622,-0.125,0.44999999999999996,1_-1,0.5830951894845301,-0.125,0.44999999999999996,1_-1,0.5830951894845301
E101,E101/left,left,3_10,3,10,2.625,1.0499999999999998,3,0.18176721852561017,PERTURBED,2.088826912713121,0.7972263576005875,2_8,0.592769848948653,2.1030761530336757,0.9784341965061492,3_8,0.5268075229738539,2.0931016848092874,0.851588709272256,2_8,0.5676996195092683,1.3109531705929527,1.036019743238776,3_5,1.3141211958772385,2.625,1.0499999999999998,3_10,0.0,2.625,1.0499999999999998,3_10,0.0
E101,E101/left,left,4_10,4,10,2.625,1.3499999999999999,2,0.351485588925474,PERTURBED,2.434356843240172,0.7681261265594483,2_9,0.6123087601954289,2.5743993723153236,1.0905082124025092,3_10,0.26437929448545033,2.4763696019627175,0.8648407523123666,2_9,0.5074155011798037,1.7237555341858974,1.0451947759481381,3_6,0.9513925644915734,2.625,1.3499999999999999,4_10,0.0,2.625,1.3499999999999999,4_10,0.0
E101,E101/left,left,3_2,3,2,0.625,1.0499999999999998,0,0.7812217433586992,PERTURBED,1.1413624853845967,1.947383926274136,4_4,1.035339619375083,1.7596956227330152,1.4699202694862425,4_7,1.2099037932723675,1.3268624265891225,1.8041448292377678,4_5,1.030216137188519,0.848002223317265,1.0911152433290485,3_3,0.2267607877002773,2.625,1.0499999999999998,3_10,2.0,0.875,1.3499999999999999,4_3,0.39051248379533277
E101,E101/front,front,1_9,1,9,2.375,0.44999999999999996,3,0.27354872690898874,PERTURBED,2.208538649891292,0.934234198331088,3_8,0.5120470094760494,2.2461930328903263,0.6632894559305562,2_8,0.24916586200189073,2.2198349647910023,0.8529507756109285,2_8,0.43179337155271197,1.3091112475778726,0.4786711476791652,1_5,1.0662742926889122,2.375,0.44999999999999996,1_9,0.0,2.375,0.44999999999999996,1_9,0.0
E101,E101/left,left,1_-1,1,-1,-0.125,0.44999999999999996,2,0.4314233598374799,PERTURBED,-0.3000205654644823,0.9694244544320512,3_-2,0.5481185658208826,-0.19389891359115086,0.5512566526859876,1_-1,0.12247436469405176,-0.26818406990248284,0.843974113908232,2_-2,0.41918645052484177,0.5840826774202965,0.8064190832976388,2_2,0.7936200642349369,-0.125,0.44999999999999996,1_-1,0.0,-0.125,0.44999999999999996,1_-1,0.0
E101,E101/back,back,2_4,2,4,1.125,0.75,3,0.4655005446216548,PERTURBED,1.4410563868198123,0.2009404312119416,0_5,0.6335282548768629,1.5135252685769718,0.6607654177230315,2_6,0.3986410603499759,1.4627970513469601,0.3388879271652686,1_5,0.5320902031884917,0.9958695801565881,0.6148962112773113,2_3,0.18688953704303707,-0.875,0.44999999999999996,1_-4,2.0223748416156684,1.125,0.75,2_4,0.0
E101,E101/right,right,3_6,3,6,1.625,1.0499999999999998,3,0.26752208478780504,PERTURBED,1.818784270859253,0.7665741143489959,2_7,0.3433403213860968,1.728286351082752,1.0183243722740665,3_6,0.10803432654402681,1.7916348949263026,0.842099191726517,2_7,0.26643936324775164,1.239136396990494,0.9399334802198702,3_4,0.4012547306935923,1.625,1.0499999999999998,3_6,0.0,1.625,1.0499999999999998,3_6,0.0
E101,E101/left,left,4_2,4,2,0.625,1.3499999999999999,3,0.4715659852112466,PERTURBED,-0.07694149050148213,0.5399318047255235,1_-1,1.071882613480921,0.005224539045355914,1.004284280757214,3_0,0.7096766732344373,-0.05229168163743072,0.6792375475350307,2_-1,0.9532294003292591,0.9315919170709276,1.0774684136599864,3_3,0.4102097867752923,0.625,1.3499999999999999,4_2,0.0,0.625,1.3499999999999999,4_2,0.0
E101,E101/back,back,0_6,0,6,1.625,0.15,0,1.280055843045975,PERTURBED,1.5905721644972726,0.9639463180926533,3_6,0.8146740971664618,0.3615661956536028,1.3218391649934742,4_1,1.7232156007237787,1.2218703738441716,1.0713141721628996,3_4,1.0056506845384967,0.9589448273481377,1.012537710558188,3_3,1.0897709828910214,0.625,0.75,2_2,1.16619037896906,0.625,0.75,2_2,1.16619037896906
E101,E101/left,left,2_8,2,8,2.125,0.75,2,0.4690308731684504,PERTURBED,1.6423228101238516,0.33243454048354865,1_6,0.6382305089917909,2.0118700408876435,0.6212680638494691,2_8,0.17137765033348956,1.753186979352989,0.4190845974933248,1_7,0.4977448401930546,1.2153927312901138,0.8076514868385272,2_4,0.9114324315189536,2.125,0.75,2_8,0.0,2.125,0.75,2_8,0.0
E101,E101/front,front,3_6,3,6,1.625,1.0499999999999998,0,0.15626847540444955,PERTURBED,1.6865962748390655,0.9775963518126671,3_6,0.09505992502040352,1.6240846287004445,1.120816917732059,3_6,0.07082283347681943,1.6678427809974792,1.0205625215884848,3_6,0.05198142955735611,0.8156019287003824,1.0428011186511157,3_3,0.8094300845139227,1.625,1.0499999999999998,3_6,0.0,1.625,1.0499999999999998,3_6,0.0
E101,E101/left,left,2_-3,2,-3,-0.625,0.75,3,0.45837261115964384,PERTURBED,-0.5058996232436421,1.1226657605040584,3_-3,0.3912348000824756,-0.6099629140973273,0.6762620394644469,2_-3,0.07525556973664575,-0.5371186104997476,0.9887446441921749,3_-3,0.25440547114978335,0.8464517660849306,0.6788173263472264,2_3,1.4731725197487289,-0.625,0.75,2_-3,0.0,-0.625,0.75,2_-3,0.0
E101,E101/front,front,1_5,1,5,1.375,0.44999999999999996,1,0.34764204687407113,PERTURBED,0.3738560258221183,0.3978911988666194,1_1,1.0024991691708485,0.6807741442121695,0.23462374540848407,0_2,0.7268675738304846,0.46593146133913366,0.3489109628291788,1_1,0.914671854502546,0.8338300607449631,0.33643212611733153,1_3,0.5529580138957477,1.375,0.44999999999999996,1_5,0.0,1.375,0.44999999999999996,1_5,0.0
E101,E101/front,front,4_10,4,10,2.625,1.3499999999999999,0,0.25126697870364495,PERTURBED,1.8848378004617055,1.333154962057761,4_7,0.740353859265042,2.0903839182458626,1.1886354545484998,3_8,0.5584378849960985,1.9465016357969525,1.2897991098049826,4_7,0.681163840354495,1.4654667351624229,1.3922680851545772,4_5,1.160303401394448,2.625,0.15,0_10,1.2,2.625,0.15,0_10,1.2
E101,E101/front,front,4_1,4,1,0.375,1.3499999999999999,0,0.06914120794935874,STABLE,0.3804233643771357,1.5994872913810774,4_1,0.2495462310711862,0.44813068559192304,1.5854792475985189,4_1,0.24657366693284447,0.4007355607415719,1.5952848782463098,4_1,0.24663128468016834,0.5547429716640959,1.5606113960695687,4_2,0.2768839034993056,0.375,1.3499999999999999,4_1,0.0,0.375,1.3499999999999999,4_1,0.0
E101,E101/front,front,2_-1,2,-1,-0.125,0.75,0,0.23795338426418186,PERTURBED,-0.15330409763979014,0.33681753319304547,1_-1,0.4141507851252764,-0.14099451450178413,0.5744523102054725,1_-1,0.17627483055258752,-0.14961122269838834,0.4081079662967736,1_-1,0.342776713025313,0.704039201508869,0.4227482518224842,1_2,0.8912910323366343,-0.125,0.75,2_-1,0.0,-0.125,0.75,2_-1,0.0
E101,E101/left,left,1_-2,1,-2,-0.375,0.44999999999999996,4,0.14193776834489485,PERTURBED,-0.17805536643349917,0.6734365579681032,2_-1,0.2978440600839252,-0.23908181889014224,0.5452878077467838,1_-1,0.16599252471542242,-0.19636330217049208,0.6349919329017074,2_-1,0.2571635375595474,0.7918432816573248,0.8179387157322936,2_3,1.2234795227070883,-0.375,0.44999999999999996,1_-2,0.0,-0.375,0.44999999999999996,1_-2,0.0
E101,E101/left,left,0_5,0,5,1.375,0.15,4,0.7182227791120344,PERTURBED,0.6715336243850825,-0.14060193385458297,0_2,0.7611270758426688,1.3447582439250176,0.10962310901827499,0_5,0.05044657704789136,0.8735010102470631,-0.06553442099272558,0_3,0.5458537563815842,1.3740025749609484,1.1107165856400312,3_5,0.9607171034079428,1.375,0.15,0_5,0.0,1.375,0.15,0_5,0.0
E101,E101/back,back,2_7,2,7,1.875,0.75,4,1.9834269422574198,PERTURBED,-0.010343884774755674,0.28531172660348614,0_-1,1.9417664008036086,1.9034008241012876,0.8064293951981772,2_7,0.0631734394509619,0.5637795278880574,0.44164702718189347,1_2,1.3469894885748845,0.9860013580579237,0.6010910812020154,2_3,0.9013836316865538,1.875,0.75,2_7,0.0,1.875,0.75,2_7,0.0
E101,E101/back,back,0_7,0,7,1.875,0.15,1,1.1414316151565156,PERTURBED,0.7994091883318603,-0.5436246928703817,0_3,1.2798479631207995,1.8250264138908838,-0.042650203783938134,0_7,0.19902628049229615,1.1070943559995674,-0.3933323461444486,0_4,0.9406854503257452,1.0295994221007847,0.7514026787811185,2_4,1.0374908766622637,1.875,0.15,0_7,0.0,1.875,0.15,0_7,0.0
E101,E101/front,front,4_-2,4,-2,-0.375,1.3499999999999999,0,0.15359672261525542,PERTURBED,0.6207863812986698,1.887066795936187,4_2,1.1313846651236978,0.468662026805667,1.9082831567983831,4_1,1.0116549306154812,0.575149074950769,1.8934317041948459,4_2,1.094578129579573,1.0512018780307872,1.241927769669294,4_4,1.4302906711110148,-0.375,1.3499999999999999,4_-2,0.0,-0.375,1.3499999999999999,4_-2,0.0
E101,E101/right,right,4_3,4,3,0.875,1.3499999999999999,1,0.44289438712991763,PERTURBED,1.0531697319121227,1.9126988611281894,4_4,0.5902325488183443,0.7342917100155215,1.6053354844833847,4_2,0.29153907543710317,0.9575063253431424,1.820489848134748,4_3,0.47766933219486346,0.23930099716890335,1.1741986722431241,3_0,0.6595599510594402,0.875,1.3499999999999999,4_3,0.0,0.875,1.3499999999999999,4_3,0.0
E101,E101/left,left,1_8,1,8,2.125,0.44999999999999996,2,0.7628294006100185,PERTURBED,0.32557298429212544,1.478890507802498,4_1,2.0728128863709405,1.056507819566126,1.6971631836417105,4_4,1.64228241976819,0.5448534348743257,1.544372310554262,4_2,1.9221118389381875,0.9435589579167314,0.7800742355952497,2_3,1.2266833075095578,1.125,1.3499999999999999,4_4,1.345362404707371,0.125,1.3499999999999999,4_0,2.1931712199461306
E101,E101/front,front,2_6,2,6,1.625,0.75,0,0.18108268035722644,PERTURBED,1.7195265790628613,1.04388362688523,3_6,0.30871161348505255,1.734452903815411,0.8634171702935995,2_6,0.15761786913618958,1.7240044764886262,0.9897436899077409,3_6,0.25938180972336117,0.5067145797104882,1.0707059892905932,3_2,1.1633634912609851,1.625,0.75,2_6,0.0,1.625,0.75,2_6,0.0
E101,E101/back,back,0_-2,0,-2,-0.375,0.15,0,0.2254268663109044,PERTURBED,0.9616508885452633,1.9849693471394456,4_3,2.270186799096102,1.1851349476398891,2.0145014887032424,4_4,2.4311287206201007,1.028696106273651,1.9938289896085846,4_4,2.317340739228658,1.0733929180925763,1.999735417921344,4_4,2.3493324927505213,2.125,0.44999999999999996,1_8,2.5179356624028344,2.125,0.44999999999999996,1_8,2.5179356624028344
E101,E101/right,right,0_2,0,2,0.625,0.15,1,0.27632771680858403,PERTURBED,0.8917271771475831,-0.18575411647912565,0_3,0.42880556638387574,0.7057768465180114,0.01864618101429283,0_2,0.15420351713084984,0.8359420779587116,-0.12443402723110009,0_3,0.3461366717870549,0.7331614634928431,0.5758535429731902,1_2,0.4393747173515249,0.625,0.15,0_2,0.0,0.625,0.15,0_2,0.0
E101,E101/right,right,4_9,4,9,2.375,1.3499999999999999,0,2.499712944149214,PERTURBED,-0.3637983190229124,1.057623985093439,3_-2,2.7543601736837853,2.0213860356335105,1.8055948384355687,4_8,0.5767230640473094,0.35175698737401456,1.2820152410960781,4_1,2.0243848980821553,0.5137183550139506,1.2574105906248614,4_2,1.8635831509998182,2.375,1.3499999999999999,4_9,0.0,2.375,1.3499999999999999,4_9,0.0
E101,E101/back,back,2_2,2,2,0.625,0.75,0,1.5916054876491206,PERTURBED,1.7763831829949612,0.8854790861829995,2_7,1.1593264496579851,0.18621563992119083,0.817838763375349,2_0,0.4439975365540519,1.29933292007283,0.8651869893407044,2_5,0.6841000874194691,0.8755142682711371,0.6609070329797675,2_3,0.2658852297136708,0.625,0.75,2_2,0.0,0.625,0.75,2_2,0.0
E101,E101/right,right,4_-2,4,-2,-0.375,1.3499999999999999,4,0.09172264702513866,STABLE,-0.10803737246957401,1.2946908384599085,4_-1,0.27263189073954075,-0.13141205219331997,1.383385079113462,4_-1,0.24586510900101707,-0.1150497763866978,1.3212991106559746,4_-1,0.26152984496180126,0.13126784195874217,1.2936340722518869,4_0,0.5093959615195899,-0.375,1.3499999999999999,4_-2,0.0,-0.375,1.3499999999999999,4_-2,0.0
E101,E101/front,front,0_4,0,4,1.125,0.15,2,0.057891570196958134,STABLE,1.10671530773186,0.04554610396081715,0_4,0.1060421914574807,1.0761053053525897,0.0946832757781938,0_4,0.07382838981919387,1.097532307018079,0.060287255506030146,0_4,0.09382350815435007,1.04637787366107,0.17853880921683937,0_4,0.08364151111481559,1.125,0.15,0_4,0.0,1.125,0.15,0_4,0.0
E101,E101/front,front,0_5,0,5,1.375,0.15,1,0.264573084776803,PERTURBED,1.0970682317565161,0.035959023978332505,0_4,0.30041872779659423,1.3153030935586165,0.18553329410034092,0_5,0.06947183334483563,1.1625386902971462,0.08083130501493505,0_4,0.22343705262688396,1.0783394314603694,0.16498027918133884,0_4,0.2970385525325084,1.375,0.15,0_5,0.0,1.375,0.15,0_5,0.0
E101,E101/back,back,1_9,1,9,2.375,0.44999999999999996,1,0.20762843670402906,PERTURBED,2.0277917287698193,0.5150935559180695,1_8,0.3532573490144396,2.1642327664694623,0.67159726501023,2_8,0.30582376393951194,2.0687240400797124,0.5620446686457177,1_8,0.3261272319157391,1.4487094514984948,0.35483062723581665,1_5,0.931166682047606,0.375,1.3499999999999999,4_1,2.1931712199461306,0.375,1.3499999999999999,4_1,2.1931712199461306
E101,E101/back,back,0_-2,0,-2,-0.375,0.15,1,0.4605599638939591,PERTURBED,0.17608301703423446,-0.3489901835648793,0_0,0.7434269936972066,-0.1977277709525258,-0.0799530576385078,0_-1,0.29035125608262663,0.06393978063820636,-0.2682790457869679,0_0,0.6063212771882355,0.8565498590822319,1.5568940102167366,4_3,1.8697769416134096,-0.375,0.15,0_-2,0.0,-0.375,0.15,0_-2,0.0
E101,E101/front,front,1_0,1,0,0.125,0.44999999999999996,4,0.17941207599448442,PERTURBED,0.061398422769751715,0.3812046769570544,1_0,0.09369075247194075,-0.11154456920224387,0.4289478915579264,1_-1,0.23747952435722108,0.009515525178153031,0.395527641337316,1_0,0.12768673299585157,1.0379666753686383,0.31274984439141784,1_4,0.9232257337987523,0.125,0.44999999999999996,1_0,0.0,0.125,0.44999999999999996,1_0,0.0
